category,gene_set,symbol,entrez,ensembl
ce,Ex1,HPCAL1,3241,ENSG00000115756
ce,Ex1,LAMP5,24141,ENSG00000125869
ce,Ex1,SERPINE2,5270,ENSG00000135919
ce,Ex1,CDH9,1007,ENSG00000113100
ce,Ex1,GNAL,2774,ENSG00000141404
ce,Ex1,CCDC88C,440193,ENSG00000015133
ce,Ex1,PCDH8,5100,ENSG00000136099
ce,Ex1,PDGFD,80310,ENSG00000170962
ce,Ex1,GREB1L,80000,ENSG00000141449
ce,Ex1,MDGA1,266727,ENSG00000112139
ce,Ex1,JAG1,182,ENSG00000101384
ce,Ex1,GPR83,10888,ENSG00000123901
ce,Ex1,NECAB2,54550,ENSG00000103154
ce,Ex1,MN1,4330,ENSG00000169184
ce,Ex1,CAMK2A,815,ENSG00000070808
ce,Ex1,DNM1,1759,ENSG00000106976
ce,Ex1,KCNK1,3775,ENSG00000135750
ce,Ex1,KCNV1,27012,ENSG00000164794
ce,Ex2,GLIS3,169792,ENSG00000107249
ce,Ex2,PTPRK,5796,
ce,Ex2,COL5A2,1290,ENSG00000204262
ce,Ex2,ADCY8,114,ENSG00000155897
ce,Ex2,TRHDE,29953,ENSG00000072657
ce,Ex2,CLMN,79789,ENSG00000165959
ce,Ex2,LAMA2,3908,ENSG00000196569
ce,Ex2,PAH,5053,ENSG00000171759
ce,Ex2,OVOL2,58495,ENSG00000125850
ce,Ex2,BEND4,389206,ENSG00000188848
ce,Ex2,SYT10,341359,ENSG00000110975
ce,Ex3,CHN1,1123,ENSG00000128656
ce,Ex3,HR,55806,ENSG00000168453
ce,Ex3,HTR2A,3356,ENSG00000102468
ce,Ex3,PRDM8,56978,ENSG00000152784
ce,Ex3,TRIM66,9866,ENSG00000166436
ce,Ex3,NTNG1,22854,ENSG00000162631
ce,Ex3,VAV3,10451,ENSG00000134215
ce,Ex3,TRPC3,7222,ENSG00000138741
ce,Ex3,VIPR2,7434,ENSG00000106018
ce,Ex4,ANO3,63982,ENSG00000134343
ce,Ex4,LMO4,8543,ENSG00000143013
ce,Ex4,SCN2A,6326,ENSG00000136531
ce,Ex4,SLC17A7,57030,ENSG00000104888
ce,Ex4,TSHZ2,128553,ENSG00000182463
ce,Ex4,GABRG1,2565,ENSG00000163285
ce,Ex4,PLCXD3,345557,ENSG00000182836
ce,Ex4,COL6A1,1291,ENSG00000142156
ce,Ex4,ANXA1,301,ENSG00000135046
ce,Ex4,TNNT2,7139,ENSG00000118194
ce,Ex4,NEUROD6,63974,ENSG00000164600
ce,Ex4,CXXC4,80319,ENSG00000168772
ce,Ex4,PLCXD2,257068,ENSG00000240891
ce,Ex4,LYPD6B,130576,ENSG00000150556
ce,Ex4,PCDH20,64881,ENSG00000280165
ce,Ex4,HS3ST3B1,9953,ENSG00000125430
ce,Ex4,PAPSS2,9060,ENSG00000198682
ce,Ex5,CELF4,56853,ENSG00000101489
ce,Ex5,CPNE4,131034,ENSG00000196353
ce,Ex5,KHDRBS3,10656,ENSG00000131773
ce,Ex5,NEUROD2,4761,ENSG00000171532
ce,Ex5,SORCS2,57537,ENSG00000184985
ce,Ex5,SV2B,9899,ENSG00000185518
ce,Ex5,TLL1,7092,ENSG00000038295
ce,Ex5,IL1RAPL2,26280,ENSG00000189108
ce,Ex5,ARSJ,79642,ENSG00000180801
ce,Ex5,IFITM10,402778,
ce,Ex5,ACOT11,26027,ENSG00000162390
ce,Ex5,RNF182,221687,ENSG00000180537
ce,Ex5,ABCC9,10060,ENSG00000069431
ce,Ex5,RCSD1,92241,ENSG00000198771
ce,Ex5,ADTRP,84830,ENSG00000111863
ce,Ex5,CELF4,56853,ENSG00000101489
ce,Ex5,CPNE4,131034,ENSG00000196353
ce,Ex5,KHDRBS3,10656,ENSG00000131773
ce,Ex5,NEUROD2,4761,ENSG00000171532
ce,Ex5,SORCS2,57537,ENSG00000184985
ce,Ex5,SV2B,9899,ENSG00000185518
ce,Ex6,SEMA3E,9723,ENSG00000170381
ce,Ex6,HS3ST4,9951,ENSG00000182601
ce,Ex6,DLC1,10395,
ce,Ex6,KIAA1217,56243,ENSG00000120549
ce,Ex6,GRIK3,2899,ENSG00000163873
ce,Ex6,TLE4,7091,ENSG00000106829
ce,Ex6,MCC,4163,ENSG00000171444
ce,Ex6,BCL11B,64919,ENSG00000127152
ce,Ex6,LUZP2,338645,ENSG00000187398
ce,Ex6,ADAMTSL1,92949,ENSG00000178031
ce,Ex6,ZFHX3,463,ENSG00000140836
ce,Ex6,SDK2,54549,ENSG00000069188
ce,Ex6,GRM4,2914,ENSG00000124493
ce,Ex6,LRRC3B,116135,ENSG00000179796
ce,Ex6,PCSK5,5125,ENSG00000099139
ce,Ex6,ZNF385D,79750,ENSG00000151789
ce,Ex6,VAV2,7410,ENSG00000160293
ce,Ex6,ATP2C2,9914,ENSG00000064270
ce,Ex6,GHR,2690,ENSG00000112964
ce,Ex6,RYR3,6263,ENSG00000198838
ce,Ex6,CNTNAP3,79937,
ce,Ex6,ANKRD18A,253650,ENSG00000180071
ce,Ex6,SULF1,23213,ENSG00000137573
ce,Ex6,SEMA5A,9037,ENSG00000112902
ce,Ex6,FEZF2,55079,ENSG00000153266
ce,Ex6,ITGA8,8516,ENSG00000077943
ce,Ex6,ABO,28,
ce,Ex6,DCHS2,54798,
ce,Ex6,RBM20,282996,ENSG00000203867
ce,Ex6,SYT6,148281,ENSG00000134207
ce,Ex6,HCRTR2,3062,ENSG00000137252
ce,Ex6,TSPAN18,90139,ENSG00000157570
ce,Ex6,RGS9,8787,ENSG00000108370
ce,Ex6,PDE9A,5152,ENSG00000160191
ce,Ex6,FOXP2,93986,ENSG00000128573
ce,Ex6,RASL10A,10633,ENSG00000100276
ce,Ex6,RYR2,6262,ENSG00000198626
ce,Ex6,UNC80,285175,ENSG00000144406
ce,Ex7,COBL,23242,ENSG00000106078
ce,Ex7,DPYD,1806,ENSG00000188641
ce,Ex7,NELL1,4745,ENSG00000165973
ce,Ex7,CHST8,64377,ENSG00000124302
ce,Ex7,SNTG2,54221,
ce,Ex7,PRRX1,5396,ENSG00000116132
ce,Ex8,POSTN,10631,ENSG00000133110
ce,Ex8,NTNG2,84628,ENSG00000196358
ce,Ex8,SMYD1,150572,ENSG00000115593
ce,Ex8,RGS12,6002,ENSG00000159788
ce,Ex8,NR4A2,4929,ENSG00000153234
ce,Ex8,HPSE2,60495,ENSG00000172987
ce,Ex8,OLFML2B,25903,ENSG00000162745
ce,Ex8,MCTP2,55784,ENSG00000140563
ce,Ex8,RASGEF1C,255426,ENSG00000146090
ce,Ex8,GALNT14,79623,ENSG00000158089
ce,Ex8,FRAS1,80144,ENSG00000138759
ce,Ex8,STK32B,55351,ENSG00000152953
ce,Ex8,ZNF804B,219578,ENSG00000182348
ce,Ex8,CRTAC1,55118,ENSG00000095713
ce,Ex8,SPOCK3,50859,ENSG00000196104
ce,Ex8,MGAT5,4249,ENSG00000152127
ce,Ex8,SYNPR,132204,ENSG00000163630
ce,Ex8,KLHL1,57626,ENSG00000150361
ce,Ex8,RNF152,220441,ENSG00000176641
ce,Ex8,GFRA1,2674,ENSG00000151892
ce,Ex8,CTNNA3,29119,ENSG00000183230
ce,Ex8,ITGB8,3696,ENSG00000105855
ce,Ex8,PDLIM5,10611,ENSG00000163110
ce,Ex8,THEMIS,387357,
ce,Ex8,PTPRU,10076,ENSG00000060656
ce,Ex8,PLD5,200150,ENSG00000180287
ce,Ex8,SWAP70,23075,ENSG00000133789
ce,Ex8,TRPC5,7224,ENSG00000072315
ce,Ex8,CREB5,9586,ENSG00000146592
ce,Ex8,TRPM4,54795,ENSG00000130529
ce,Ex8,PRLR,5618,ENSG00000113494
ce,Ex8,ITGA11,22801,ENSG00000137809
ce,Ex8,SFMBT2,57713,ENSG00000198879
ce,Ex8,B3GAT2,135152,ENSG00000112309
ce,Ex8,TESC,54997,ENSG00000088992
ce,Ex8,SNTB1,6641,ENSG00000172164
ce,Ex8,MAMDC2,256691,
ce,Ex8,GAS2L3,283431,ENSG00000139354
ce,Ex8,ATP8B1,5205,ENSG00000081923
ce,Ex8,SYT10,341359,ENSG00000110975
ce,Ex8,CLTCL1,8218,ENSG00000070371
ce,Ex8,TRPC7,57113,ENSG00000069018
ce,Ex8,GNG4,2786,ENSG00000168243
ce,Ex8,MYO10,4651,ENSG00000145555
ce,Ex8,RASSF3,283349,ENSG00000153179
ce,Ex8,RRBP1,6238,ENSG00000125844
ce,Ex8,CDC14A,8556,ENSG00000079335
ce,Ex8,LIMS1,3987,ENSG00000169756
ce,Ex8,COL20A1,57642,ENSG00000101203
ce,Ex8,HGF,3082,ENSG00000019991
ce,Ex8,LTBP1,4052,ENSG00000049323
ce,Ex8,GPR153,387509,ENSG00000158292
ce,Ex8,FAM151B,167555,ENSG00000152380
ce,Ex8,ATP10A,57194,ENSG00000206190
ce,Ex8,ADRA2A,150,ENSG00000150594
ce,Ex8,ANKRD13A,88455,ENSG00000076513
ce,Ex8,CDK18,5129,ENSG00000117266
ce,Ex8,LIMS2,55679,ENSG00000072163
ce,Ex8,NFASC,23114,ENSG00000163531
ce,Ex8,NPTX1,4884,ENSG00000171246
ce,Ex8,PDE1A,5136,ENSG00000115252
ce,Ex8,SATB2,23314,ENSG00000119042
ce,Ex8,SEC14L5,9717,ENSG00000103184
ce,Ex8,SFXN5,94097,ENSG00000144040
ce,In1,CNR1,1268,ENSG00000118432
ce,In1,SDK2,54549,ENSG00000069188
ce,In2,COL21A1,81578,ENSG00000124749
ce,In2,GABRA1,2554,ENSG00000022355
ce,In2,KCNT2,343450,
ce,In2,PPP1R1C,151242,ENSG00000150722
ce,In2,SLC7A11,23657,ENSG00000151012
ce,In2,CCDC141,285025,ENSG00000163492
ce,In2,GPR149,344758,ENSG00000174948
ce,In3,CALN1,83698,ENSG00000183166
ce,In3,CIT,11113,ENSG00000122966
ce,In3,CLDN18,51208,ENSG00000066405
ce,In3,CNTN4,152330,ENSG00000144619
ce,In3,SVEP1,79987,ENSG00000165124
ce,In3,TGFB2,7042,ENSG00000092969
ce,In3,TMEM130,222865,ENSG00000166448
ce,In3,SHISA8,440829,ENSG00000234965
ce,In3,IGFBP5,3488,ENSG00000115461
ce,In3,RYR3,6263,ENSG00000198838
ce,In3,EXPH5,23086,ENSG00000110723
ce,In3,SLC12A7,10723,
ce,In3,KMO,8564,ENSG00000117009
ce,In3,CRIM1,51232,
ce,In3,SLC6A11,6538,ENSG00000132164
ce,In3,EMID1,129080,ENSG00000186998
ce,In3,SYT2,127833,ENSG00000143858
ce,In3,AHRR,57491,ENSG00000063438
ce,In3,SCTR,6344,ENSG00000080293
ce,In4,DAAM2,23500,ENSG00000146122
ce,In4,EGFR,1956,ENSG00000146648
ce,In4,GABRB2,2561,ENSG00000145864
ce,In4,NMBR,4829,ENSG00000135577
ce,In4,SV2C,22987,ENSG00000122012
ce,In4,FREM1,158326,ENSG00000164946
ce,In4,TRPC3,7222,ENSG00000138741
ce,In4,KIT,3815,ENSG00000157404
ce,In4,MYH11,4629,
ce,In4,ADAMTS2,9509,ENSG00000087116
ce,In4,PDGFRA,5156,ENSG00000134853
ce,In5,FCRL4,83417,ENSG00000163518
ce,In5,GAL3ST1,9514,ENSG00000128242
ce,In5,HHIP,64399,ENSG00000164161
ce,In5,MTUS2,23281,ENSG00000132938
ce,In5,SLC2A13,114134,ENSG00000151229
ce,In5,PDGFD,80310,ENSG00000170962
ce,In5,TOX,9760,ENSG00000198846
ce,In5,FREM2,341640,ENSG00000150893
ce,In5,HCRTR2,3062,ENSG00000137252
ce,In5,MYB,4602,ENSG00000118513
ce,In5,TXK,7294,ENSG00000074966
ce,In6,C4BPA,722,ENSG00000123838
ce,In6,NXPH1,30010,ENSG00000122584
ce,In6,PVALB,5816,
ce,In6,RPH3AL,9501,
ce,In6,ZNF703,80139,ENSG00000183779
ce,In6,LRRC38,126755,ENSG00000162494
ce,In7,CKMT1B,1159,ENSG00000237289
ce,In7,DPYSL5,56896,ENSG00000157851
ce,In7,HS6ST2,90161,ENSG00000171004
ce,In7,KIAA1324,,
ce,In7,NRXN3,9369,ENSG00000021645
ce,In7,RRP7B,,
ce,In7,VWDE,221806,ENSG00000146530
ce,In7,STK32B,55351,ENSG00000152953
ce,In7,HPGD,3248,ENSG00000164120
ce,In7,DSP,1832,ENSG00000096696
ce,In7,PLD1,5337,ENSG00000075651
ce,In7,COL24A1,255631,ENSG00000171502
ce,In7,AOX1,316,ENSG00000138356
ce,In8,CTTNBP2,83992,ENSG00000077063
ce,In8,TMCO4,255104,ENSG00000162542
ce,In8,TNR,7143,ENSG00000116147
ce,In8,NMU,10874,ENSG00000109255
ce,Astro,ALDH1L1,10840,ENSG00000144908
ce,Astro,EYA1,2138,ENSG00000104313
ce,Astro,NWD1,284434,ENSG00000188039
ce,Astro,SLCO1C1,53919,ENSG00000139155
ce,Astro,HGF,3082,ENSG00000019991
ce,Astro,SPARCL1,8404,ENSG00000152583
ce,Astro,SLC25A18,83733,ENSG00000182902
ce,Astro,FGFR3,2261,ENSG00000068078
ce,Astro,SDC4,6385,ENSG00000124145
ce,Astro,GFAP,2670,ENSG00000131095
ce,Astro,ACSBG1,23205,ENSG00000103740
ce,Astro,PRODH,5625,
ce,Astro,ITGB4,3691,ENSG00000132470
ce,Astro,SLC7A11,23657,ENSG00000151012
ce,Astro,AGT,183,ENSG00000135744
ce,Astro,PPP1R3C,5507,ENSG00000119938
ce,Astro,RANBP3L,202151,ENSG00000164188
ce,Astro,RNF43,54894,ENSG00000108375
ce,Astro,GJB6,10804,ENSG00000121742
ce,Astro,SLC14A1,6563,ENSG00000141469
ce,Astro,GJA1,2697,ENSG00000152661
ce,Astro,USP9Y,8287,ENSG00000114374
ce,Astro,TTTY15,64595,ENSG00000114374
ce,Astro,KDM5D,8284,ENSG00000012817
ce,Astro,SLC39A12,221074,ENSG00000148482
ce,Astro,COL16A1,1307,ENSG00000084636
ce,Astro,DLC1,10395,
ce,Astro,ABO,28,
ce,Astro,ABCC9,10060,ENSG00000069431
ce,Astro,MGST1,4257,ENSG00000008394
ce,Astro,GABRG1,2565,ENSG00000163285
ce,Astro,ITGA7,3679,ENSG00000135424
ce,Astro,CLTCL1,8218,ENSG00000070371
ce,Astro,DCHS2,54798,
ce,Astro,RGS9,8787,ENSG00000108370
ce,Astro,SLC30A10,55532,ENSG00000196660
ce,Astro,GPR98,,
ce,Astro,BMPR1B,658,ENSG00000138696
ce,Astro,SLC4A4,8671,ENSG00000080493
ce,Astro,GRM3,2913,ENSG00000198822
ce,Endo,NLGN4Y,22829,ENSG00000165246
ce,Endo,PTRF,,
ce,Endo,ITGB8,3696,ENSG00000105855
ce,Endo,MYO10,4651,ENSG00000145555
ce,Endo,RAB31,11031,ENSG00000168461
ce,Endo,PDLIM5,10611,ENSG00000163110
ce,Endo,CREB5,9586,ENSG00000146592
ce,Endo,LPAR1,1902,ENSG00000198121
ce,Endo,KCNH8,131096,ENSG00000183960
ce,Endo,JAG1,182,ENSG00000101384
ce,Endo,KANK2,25959,ENSG00000197256
ce,Endo,PDGFRA,5156,ENSG00000134853
ce,Endo,SPARC,6678,ENSG00000113140
ce,Endo,DCN,1634,ENSG00000011465
ce,Endo,CTH,1491,ENSG00000116761
ce,Endo,CBS,875,ENSG00000160200
ce,Endo,GPR37L1,9283,ENSG00000170075
ce,Endo,EDNRB,1910,ENSG00000136160
ce,Endo,B2M,567,
ce,Endo,CYBRD1,79901,ENSG00000071967
ce,Endo,MSX1,4487,ENSG00000163132
ce,Endo,ADAMTS4,9507,ENSG00000158859
ce,Endo,TF,7018,ENSG00000091513
ce,Endo,TMEM144,55314,ENSG00000164124
ce,Endo,ENPP2,5168,ENSG00000136960
ce,Endo,KLK6,5653,ENSG00000167755
ce,Endo,ERMN,57471,ENSG00000136541
ce,Endo,RNASE1,6035,ENSG00000129538
ce,Endo,PLP1,5354,ENSG00000123560
ce,Endo,OPALIN,93377,ENSG00000197430
ce,Endo,CNDP1,84735,ENSG00000150656
ce,Endo,FOLH1,2346,ENSG00000086205
ce,Endo,UGT8,7368,ENSG00000174607
ce,Endo,CNP,1267,ENSG00000173786
ce,Endo,PLEKHB1,58473,ENSG00000021300
ce,Endo,MAL,4118,ENSG00000172005
ce,Endo,GPR37,2861,ENSG00000170775
ce,Endo,NR4A2,4929,ENSG00000153234
ce,Endo,B3GNT7,93010,ENSG00000156966
ce,Endo,GPNMB,10457,ENSG00000136235
ce,Endo,GLYCTK,132158,ENSG00000168237
ce,Endo,GJB1,2705,ENSG00000169562
ce,Endo,PAQR6,79957,ENSG00000160781
ce,Endo,GSN,2934,ENSG00000148180
ce,Endo,ABCA8,10351,ENSG00000141338
ce,Endo,FA2H,79152,ENSG00000103089
ce,Endo,CARNS1,57571,ENSG00000172508
ce,Endo,MOBP,4336,ENSG00000168314
ce,Endo,MBP,4155,ENSG00000197971
ce,Endo,CLDN11,5010,ENSG00000013297
ce,Endo,RRBP1,6238,ENSG00000125844
ce,Endo,OLFML2B,25903,ENSG00000162745
ce,Endo,HPGD,3248,ENSG00000164120
ce,Endo,DSP,1832,ENSG00000096696
ce,Endo,AOX1,316,ENSG00000138356
ce,Endo,ANKRD13A,88455,ENSG00000076513
ce,Endo,SEMA5A,9037,ENSG00000112902
ce,Endo,CDC14A,8556,ENSG00000079335
ce,Endo,PRRX1,5396,ENSG00000116132
ce,Endo,ZFHX3,463,ENSG00000140836
ce,Endo,CRISPLD2,83716,ENSG00000103196
ce,Endo,FLT1,2321,ENSG00000102755
ce,Endo,CEBPD,1052,ENSG00000221869
ce,Endo,GNG11,2791,ENSG00000127920
ce,Endo,PEAR1,375033,ENSG00000187800
ce,Endo,FERMT1,55612,ENSG00000101311
ce,Endo,RCSD1,92241,ENSG00000198771
ce,Endo,TGM2,7052,ENSG00000198959
ce,Endo,ITIH5,80760,ENSG00000123243
ce,Endo,APOLD1,81575,ENSG00000178878
ce,Endo,EDN3,1908,ENSG00000124205
ce,Endo,SDPR,,
ce,Endo,FOXC1,2296,ENSG00000054598
ce,Endo,IFI27,3429,
ce,Endo,ESAM,90952,ENSG00000149564
ce,Endo,GPR116,,
ce,Endo,ANXA1,301,ENSG00000135046
ce,Endo,MYH11,4629,
ce,Endo,ITGA1,3672,ENSG00000213949
ce,Endo,RGS5,8490,ENSG00000143248
ce,Endo,ZNF703,80139,ENSG00000183779
ce,Endo,CCDC88C,440193,ENSG00000015133
ce,Micro,ST8SIA4,7903,ENSG00000113532
ce,Micro,KIAA0226L,,
ce,Micro,CSF1R,1436,ENSG00000182578
ce,Micro,LAPTM5,7805,ENSG00000162511
ce,Micro,CD14,929,ENSG00000170458
ce,Micro,RGS10,6001,ENSG00000148908
ce,Micro,PTPRC,5788,
ce,Micro,C3,718,ENSG00000125730
ce,Micro,C3AR1,719,ENSG00000171860
ce,Micro,ALOX5AP,241,ENSG00000132965
ce,Micro,HLA-DRA,3122,
ce,Micro,BCL2A1,597,ENSG00000140379
ce,Micro,PLEK,5341,ENSG00000115956
ce,Micro,ITGAX,3687,ENSG00000140678
ce,Micro,DHRS9,10170,ENSG00000073737
ce,Micro,OLR1,4973,ENSG00000173391
ce,Micro,CD53,963,ENSG00000143119
ce,Micro,LCP1,3936,ENSG00000136167
ce,Micro,CD74,972,ENSG00000019582
ce,Micro,CD83,9308,ENSG00000112149
ce,Micro,A2M,2,ENSG00000175899
ce,Micro,GAB3,139716,ENSG00000160219
ce,Micro,CMKLR1,1240,ENSG00000174600
ce,Micro,TREM1,54210,ENSG00000124731
ce,Micro,GALR1,2587,ENSG00000166573
ce,OPC,LRRK2,120892,ENSG00000188906
ce,OPC,LRMP,,
ce,OPC,MSR1,4481,ENSG00000038945
ce,OPC,AGPAT9,,
ce,OPC,IL1RAP,3556,ENSG00000196083
ce,OPC,IFITM10,402778,
ce,OPC,PCDH15,65217,ENSG00000150275
ce,OPC,KIAA0226L,,
ce,OPC,CSF1R,1436,ENSG00000182578
ce,OPC,LAPTM5,7805,ENSG00000162511
ce,OPC,CD14,929,ENSG00000170458
ce,OPC,RGS10,6001,ENSG00000148908
ce,OPC,PTPRC,5788,
ce,OPC,C3,718,ENSG00000125730
ce,OPC,C3AR1,719,ENSG00000171860
ce,OPC,ALOX5AP,241,ENSG00000132965
ce,OPC,HLA-DRA,3122,
ce,OPC,BCL2A1,597,ENSG00000140379
ce,OPC,PLEK,5341,ENSG00000115956
ce,OPC,ITGAX,3687,ENSG00000140678
ce,OPC,DHRS9,10170,ENSG00000073737
ce,OPC,OLR1,4973,ENSG00000173391
ce,OPC,CD53,963,ENSG00000143119
ce,OPC,LCP1,3936,ENSG00000136167
ce,OPC,CD74,972,ENSG00000019582
ce,OPC,CD83,9308,ENSG00000112149
ce,OPC,A2M,2,ENSG00000175899
ce,OPC,GAB3,139716,ENSG00000160219
ce,OPC,CMKLR1,1240,ENSG00000174600
ce,OPC,TREM1,54210,ENSG00000124731
ce,OPC,GALR1,2587,ENSG00000166573
ce,OPC,PAX6,5080,ENSG00000007372
ce,OPC,COL11A1,1301,ENSG00000060718
ce,OPC,CXXC4,80319,ENSG00000168772
ce,OPC,SCG2,7857,ENSG00000171951
ce,OPC,BEND4,389206,ENSG00000188848
ce,OPC,SHC4,399694,ENSG00000185634
ce,OPC,ATP13A4,84239,ENSG00000127249
ce,OPC,SERPINE2,5270,ENSG00000135919
ce,OPC,GFRA1,2674,ENSG00000151892
ce,OPC,MAMDC2,256691,
ce,OPC,SH2D4A,63898,ENSG00000104611
ce,OPC,MEGF11,84465,
ce,OPC,SLITRK1,114798,ENSG00000178235
ce,OPC,GRIA3,2892,ENSG00000125675
ce,OPC,XYLT1,64131,
ce,OPC,LUZP2,338645,ENSG00000187398
ce,OPC,LAMB4,22798,ENSG00000091128
ce,OPC,LHFPL3,375612,ENSG00000187416
ce,OPC,BLM,641,ENSG00000197299
ce,OPC,HRASLS,,
ce,OPC,CASC5,,
ce,OPC,IQGAP2,10788,ENSG00000145703
ce,Oligo,MSX1,4487,ENSG00000163132
ce,Oligo,ADAMTS4,9507,ENSG00000158859
ce,Oligo,TF,7018,ENSG00000091513
ce,Oligo,TMEM144,55314,ENSG00000164124
ce,Oligo,ENPP2,5168,ENSG00000136960
ce,Oligo,KLK6,5653,ENSG00000167755
ce,Oligo,ERMN,57471,ENSG00000136541
ce,Oligo,RNASE1,6035,ENSG00000129538
ce,Oligo,PLP1,5354,ENSG00000123560
ce,Oligo,OPALIN,93377,ENSG00000197430
ce,Oligo,CNDP1,84735,ENSG00000150656
ce,Oligo,FOLH1,2346,ENSG00000086205
ce,Oligo,UGT8,7368,ENSG00000174607
ce,Oligo,CNP,1267,ENSG00000173786
ce,Oligo,PLEKHB1,58473,ENSG00000021300
ce,Oligo,MAL,4118,ENSG00000172005
ce,Oligo,GPR37,2861,ENSG00000170775
ce,Oligo,NR4A2,4929,ENSG00000153234
ce,Oligo,B3GNT7,93010,ENSG00000156966
ce,Oligo,GPNMB,10457,ENSG00000136235
ce,Oligo,GLYCTK,132158,ENSG00000168237
ce,Oligo,GJB1,2705,ENSG00000169562
ce,Oligo,PAQR6,79957,ENSG00000160781
ce,Oligo,GSN,2934,ENSG00000148180
ce,Oligo,ABCA8,10351,ENSG00000141338
ce,Oligo,FA2H,79152,ENSG00000103089
ce,Oligo,CARNS1,57571,ENSG00000172508
ce,Oligo,MOBP,4336,ENSG00000168314
ce,Oligo,MBP,4155,ENSG00000197971
ce,Oligo,CLDN11,5010,ENSG00000013297
ce,Oligo,RRBP1,6238,ENSG00000125844
ce,Oligo,OLFML2B,25903,ENSG00000162745
ce,Oligo,KCNMB4,27345,ENSG00000135643
ce,Oligo,LGI3,203190,ENSG00000168481
ce,Oligo,MAG,4099,ENSG00000105695
ni,5HT1a,HTR1A,3350,ENSG00000178394
ni,5HT1b,HTR1B,3351,ENSG00000135312
ni,5HT2a,HTR2A,3356,ENSG00000102468
ni,5HT4,HTR4,3360,ENSG00000164270
ni,5HT6,HTR6,3362,ENSG00000158748
ni,5HTT,SLC6A4,6532,ENSG00000108576
ni,A4B2,CHRNA4,1137,ENSG00000101204
ni,A4B2,CHRNB2,1141,ENSG00000160716
ni,CB1,CNR1,1268,ENSG00000118432
ni,CMRglu,KCNS1,3787,ENSG00000124134
ni,CMRglu,RND1,27289,ENSG00000172602
ni,CMRglu,NLK,51701,ENSG00000087095
ni,CMRglu,PKNOX2,63876,ENSG00000165495
ni,CMRglu,MCHR2,84539,ENSG00000152034
ni,CMRglu,PI4KA,5297,ENSG00000241973
ni,CMRglu,TMEM155,,
ni,CMRglu,FBLN7,129804,ENSG00000144152
ni,CMRglu,HTR2A,3356,ENSG00000102468
ni,CMRglu,RSPO2,340419,ENSG00000147655
ni,CMRglu,RGS4,5999,ENSG00000117152
ni,CMRglu,NOS2,4843,ENSG00000007171
ni,CMRglu,STAMBPL1,57559,ENSG00000138134
ni,CMRglu,KCNIP3,30818,ENSG00000115041
ni,CMRglu,CABP1,9478,ENSG00000157782
ni,CMRglu,EMX1,2016,ENSG00000135638
ni,CMRglu,RXFP1,59350,ENSG00000171509
ni,CMRglu,ATCAY,85300,ENSG00000167654
ni,CMRglu,ETS2,2114,ENSG00000157557
ni,CMRglu,PPL,5493,ENSG00000118898
ni,CMRglu,SATB2,23314,ENSG00000119042
ni,CMRglu,NUAK1,9891,ENSG00000074590
ni,CMRglu,TMEM132D,121256,ENSG00000151952
ni,CMRglu,GFRA2,2675,ENSG00000168546
ni,CMRglu,CDKL1,8814,ENSG00000100490
ni,CMRglu,C9orf126,,
ni,CMRglu,FLJ34047,,
ni,CMRglu,MEF2C,4208,ENSG00000081189
ni,CMRglu,PART1,25859,ENSG00000152931
ni,CMRglu,PIK3R1,5295,ENSG00000145675
ni,CMRglu,CHN1,1123,ENSG00000128656
ni,CMRglu,SATB1,6304,ENSG00000182568
ni,CMRglu,DNAJC5G,285126,ENSG00000163793
ni,CMRglu,LRRC8B,23507,ENSG00000197147
ni,CMRglu,SERPINI1,5274,ENSG00000163536
ni,CMRglu,TBR1,10716,ENSG00000136535
ni,CMRglu,KHDRBS3,10656,ENSG00000131773
ni,CMRglu,ETV5,2119,ENSG00000244405
ni,COX1,PTGS1,5742,ENSG00000095303
ni,D1,DRD1,1812,ENSG00000184845
ni,D2,DRD2,1813,ENSG00000149295
ni,DAT,SLC6A3,6531,
ni,FDOPA,DDC,1644,ENSG00000132437
ni,GABAa,GABRA1,2554,ENSG00000022355
ni,GABAa,GABRA2,2555,ENSG00000151834
ni,GABAa,GABRA3,2556,ENSG00000011677
ni,GABAa,GABRA4,2557,ENSG00000109158
ni,GABAa,GABRA5,2558,ENSG00000186297
ni,GABAa,GABRA6,2559,ENSG00000145863
ni,GABAa,GABRB1,2560,ENSG00000163288
ni,GABAa,GABRB2,2561,ENSG00000145864
ni,GABAa,GABRB3,2562,ENSG00000166206
ni,GABAa,GABRG1,2565,ENSG00000163285
ni,GABAa,GABRG2,2566,ENSG00000113327
ni,GABAa,GABRG3,2567,ENSG00000182256
ni,GABAa,GABRD,2563,ENSG00000187730
ni,GABAa,GABRE,2564,ENSG00000102287
ni,GABAa,GABRP,2568,ENSG00000094755
ni,GABAa,GABRQ,55879,ENSG00000268089
ni,GI,EPHB6,2051,
ni,GI,TBRG1,84897,ENSG00000154144
ni,GI,RARB,5915,ENSG00000077092
ni,GI,PPM2C,,
ni,GI,RICS,,
ni,GI,KIAA0748,,
ni,GI,RORB,6096,ENSG00000198963
ni,GI,KCNS2,3788,ENSG00000156486
ni,GI,MCTP2,55784,ENSG00000140563
ni,GI,PLCB1,23236,ENSG00000182621
ni,GI,PVRL3,,
ni,GI,RGS4,5999,ENSG00000117152
ni,GI,ADAMTS8,11095,ENSG00000134917
ni,GI,RASGRF2,5924,ENSG00000113319
ni,GI,FLRT2,23768,ENSG00000185070
ni,GI,NRGN,4900,ENSG00000154146
ni,GI,LNX1,84708,ENSG00000072201
ni,GI,CCDC3,83643,ENSG00000151468
ni,GI,PCSK1,5122,ENSG00000175426
ni,GI,DPYSL4,10570,ENSG00000151640
ni,GI,NLK,51701,ENSG00000087095
ni,GI,CRIP2,1397,ENSG00000182809
ni,GI,CCNA1,8900,ENSG00000133101
ni,GI,NTN4,59277,ENSG00000074527
ni,GI,SYT16,83851,ENSG00000139973
ni,GI,THRB,7068,ENSG00000151090
ni,GI,PRKAR2B,5577,ENSG00000005249
ni,GI,ATRNL1,26033,ENSG00000107518
ni,GI,ATL1,51062,ENSG00000198513
ni,GI,DKFZP564O0823,,
ni,GI,NGEF,25791,ENSG00000066248
ni,GI,ETV6,2120,ENSG00000139083
ni,GI,LZTS1,11178,ENSG00000061337
ni,GI,NDFIP2,54602,ENSG00000102471
ni,GI,MATK,4145,ENSG00000007264
ni,GI,PRKCB,5579,ENSG00000166501
ni,GI,RXFP1,59350,ENSG00000171509
ni,GI,LMO3,55885,ENSG00000048540
ni,GI,OSBPL3,26031,ENSG00000070882
ni,GI,HLF,3131,ENSG00000108924
ni,GI,MGAT5B,146664,ENSG00000167889
ni,GI,C9orf91,,
ni,GI,DPF1,8193,ENSG00000011332
ni,GI,STAT6,6778,ENSG00000166888
ni,GI,LDB2,9079,ENSG00000169744
ni,GI,CHN1,1123,ENSG00000128656
ni,GI,CPNE5,57699,ENSG00000124772
ni,GI,KCNB1,3745,ENSG00000158445
ni,GI,EGR3,1960,ENSG00000179388
ni,GI,RBM24,221662,ENSG00000112183
ni,GI,C2orf55,,
ni,GI,C1orf115,79762,ENSG00000162817
ni,GI,NETO1,81832,ENSG00000166342
ni,GI,ARNT2,9915,ENSG00000172379
ni,GI,STRN4,29888,ENSG00000090372
ni,GI,SHC3,53358,ENSG00000148082
ni,GI,NPY5R,4889,ENSG00000164129
ni,GI,SERPINI1,5274,ENSG00000163536
ni,GI,CHRM1,1128,ENSG00000168539
ni,GI,KCNF1,3754,ENSG00000162975
ni,GI,CDKL5,6792,ENSG00000008086
ni,GI,LRRC8B,23507,ENSG00000197147
ni,GI,CAMK1G,57172,ENSG00000008118
ni,GI,ACTN1,87,ENSG00000072110
ni,GI,LHX6,26468,ENSG00000106852
ni,GI,GRIA3,2892,ENSG00000125675
ni,GI,SYT5,6861,ENSG00000129990
ni,GI,FOXG1,2290,ENSG00000176165
ni,GI,C9orf126,,
ni,GI,SEPT5,,
ni,GI,PCDH10,57575,ENSG00000138650
ni,GI,CACNB1,782,ENSG00000067191
ni,GI,LRRC4C,57689,ENSG00000148948
ni,GI,CACNG3,10368,ENSG00000006116
ni,GI,GABRA4,2557,ENSG00000109158
ni,GI,TMEM155,,
ni,GI,CACNA2D3,55799,ENSG00000157445
ni,GI,PDE8B,8622,
ni,GI,ARPP-19,,
ni,GI,CAMK2A,815,ENSG00000070808
ni,GI,AGBL4,84871,ENSG00000186094
ni,GI,CXCL14,9547,ENSG00000145824
ni,GI,CAP2,10486,ENSG00000112186
ni,GI,MKL2,,
ni,GI,KCTD1,284252,ENSG00000134504
ni,GI,LMO4,8543,ENSG00000143013
ni,GI,KALRN,8997,ENSG00000160145
ni,GI,PDE2A,5138,ENSG00000186642
ni,GI,CDH9,1007,ENSG00000113100
ni,GI,ACTN2,88,ENSG00000077522
ni,GI,GNPTAB,79158,ENSG00000111670
ni,GI,INF2,64423,ENSG00000203485
ni,GI,LHX2,9355,ENSG00000106689
ni,GI,ASB2,51676,
ni,GI,LRRTM4,80059,ENSG00000176204
ni,GI,PCDH9,5101,ENSG00000184226
ni,GI,BEND5,79656,ENSG00000162373
ni,GI,NECAB1,64168,ENSG00000123119
ni,GI,EXTL1,2134,ENSG00000158008
ni,GI,PLK2,10769,ENSG00000145632
ni,GI,BCL11A,53335,ENSG00000119866
ni,GI,RAB11FIP4,84440,ENSG00000131242
ni,GI,ANO3,63982,ENSG00000134343
ni,GI,AK5,26289,ENSG00000154027
ni,GI,SMAD3,4088,ENSG00000166949
ni,GI,CTXN1,404217,ENSG00000178531
ni,GI,CYP46A1,10858,ENSG00000036530
ni,GI,CSRNP3,80034,ENSG00000178662
ni,GI,NPY1R,4886,ENSG00000164128
ni,GI,GDA,9615,ENSG00000119125
ni,GI,KHDRBS3,10656,ENSG00000131773
ni,GI,KCNJ4,3761,ENSG00000168135
ni,GI,SLIT1,6585,ENSG00000187122
ni,GI,B3GALT2,8707,ENSG00000162630
ni,GI,SNTB2,6645,
ni,GI,KCNT2,343450,
ni,H3,HRH3,11255,ENSG00000101180
ni,HDAC,HDAC1,3065,ENSG00000116478
ni,HDAC,HDAC2,3066,ENSG00000196591
ni,HDAC,HDAC3,8841,ENSG00000171720
ni,HDAC,HDAC4,9759,ENSG00000068024
ni,HDAC,HDAC5,10014,ENSG00000108840
ni,HDAC,HDAC6,10013,ENSG00000094631
ni,HDAC,HDAC7,51564,ENSG00000061273
ni,HDAC,HDAC8,55869,ENSG00000147099
ni,HDAC,HDAC9,9734,ENSG00000048052
ni,HDAC,HDAC10,83933,ENSG00000100429
ni,HDAC,HDAC11,79885,ENSG00000163517
ni,M1,CHRM1,1128,ENSG00000168539
ni,mGluR5,GRM5,2915,ENSG00000168959
ni,MU,OPRM1,4988,ENSG00000112038
ni,NET,SLC6A2,6530,ENSG00000103546
ni,NMDA,GRIN1,2902,ENSG00000176884
ni,NMDA,GRIN2A,2903,ENSG00000183454
ni,NMDA,GRIN2B,2904,ENSG00000273079
ni,NMDA,GRIN2C,2905,ENSG00000161509
ni,NMDA,GRIN2D,2906,ENSG00000105464
ni,SV2A,SV2A,9900,ENSG00000159164
ni,TSPO,TSPO,706,ENSG00000100300
ni,VAChT,SLC18A3,6572,ENSG00000187714
