,Ex1,Ex2,Ex3,Ex4,Ex5,Ex6,Ex7,Ex8,In1,In2,In3,In4,In5,In6,In7,In8,Astro,Endo,Micro,OPC,Oligo
lh_G&S_frontomargin_thickness,0.10184495725268794,0.4057263612724876,-0.011118353663566708,0.16679490577771747,0.003982554564227089,-0.5547697343329616,0.19673666017561042,0.013067575671292719,0.1687183000869426,0.2970433803575369,-0.14754506584548768,0.003801375096507656,0.021144287451449188,0.03343511003898201,-0.03886174868716662,0.7679432867761536,0.6267108766668752,0.18256454378137696,0.6263768038430004,0.5363919821380041,0.24138410456682477
lh_G&S_occipital_inf_thickness,0.09237107358190688,-0.1129001382505313,1.098670788504631,-0.44228739321916505,-0.5071907600666785,-0.46778237609319884,-0.28021427868837817,-0.21328454025589558,-1.4465271630378653,-0.34244270449289144,-0.20845423348313874,0.23821908312583434,0.3436832943059524,-0.09081796496302923,0.5143270033321784,-0.12698149946796358,-0.8126450965470504,0.07900957905887111,-0.5790324741982209,-0.46514499777271306,0.14589862997192035
lh_G&S_paracentral_thickness,-0.8288569424880472,-0.11218941756232025,-0.22650309983133812,-0.4694819603994069,-0.2827602564800624,0.33026346252464733,-0.17218634510124162,0.07610122858891986,-0.4786284448602728,0.028058613903326084,-0.09958551779130208,0.3426949623977711,-0.38264182725773005,0.5766352071186718,-0.24188134984927748,-0.8455092675149172,-0.020050825075449957,0.11025977562159707,-0.17465133885711967,-0.1104995750605908,0.41332448869296934
lh_G&S_subcentral_thickness,-0.10833748095998358,-0.040468209534466504,0.42359076023797954,0.048265087286062956,0.15467773870920828,0.056783550659152866,-0.20046858247241306,0.003412822037214162,-0.3845975237179915,0.03528604446280228,-0.37980966534432653,0.01041103541697958,-0.034279135599472765,0.6275059117525345,0.08516591271365014,0.1647454579726854,-0.38855004578770663,-0.19366365979807215,0.46398568227595005,0.1783506504263162,-0.2292195321477304
lh_G&S_transv_frontopol_thickness,0.036343306746785486,0.774440286913417,0.10902622887987327,-0.21170199661832953,-0.5436228729854544,-0.46040877593271134,0.016035601881712675,-0.12986317280066567,0.41768059484132825,0.014186612019257907,-0.06783088150336591,0.10647450441363536,0.02773133860901641,0.009509997097095435,0.08911807422606796,0.3295960999034835,0.39044059470247466,0.09169381825716433,-0.09650627046426247,-0.058059901695552196,0.20870756118157174
lh_G&S_cingul-Ant_thickness,-0.19162042460341366,0.2991724849279537,-0.9225360561977151,0.4855157579557511,0.6516569241808048,0.8991538576487224,0.48944611747581296,0.19176664677809044,1.1687563955751399,0.714012018874909,0.3635812819817439,-0.47515126997516527,-0.37475269908375575,0.35798234808674034,-0.3971162198574533,0.030362087340200256,1.0407172390866286,-0.14754955815472326,0.3451007297055587,0.41024739470655797,-0.526847708859864
lh_G&S_cingul-Mid-Ant_thickness,0.25239834967522545,0.4776571717601433,-0.5673927375695257,0.5003826039333567,0.6258012500663245,0.8524378751696445,0.6106205221019545,0.3994223952379862,1.9732640769496133,0.4372842216813782,0.5848993314340739,0.2082839725307083,-0.27230630700298547,0.3769207631657999,-0.012710690778927808,0.1671734435549261,1.0043886299956828,0.23717947643336182,-0.09745954020245584,0.31864624057605384,0.09091647170648474
lh_G&S_cingul-Mid-Post_thickness,-0.07907905287329152,0.19804873326175065,-0.41660475475875236,0.1750046046002784,0.5462374804044566,0.7348105040206266,0.49746323030488376,0.22491908116668657,1.4092296471445365,0.2519402212444998,0.29726197693635353,0.18634862095601445,-0.20244993531181968,0.455403213782528,0.034219263479237004,-0.5503772066595144,0.3023382046248001,0.03406743015919381,-0.1530207456379728,0.04365866793117571,-0.1591657790328595
lh_G_cingul-Post-dorsal_thickness,0.12643798413024304,0.08805661986244138,0.6872607913528429,0.5985530492642877,0.5071021546024598,0.16136286926232696,0.17015590611092243,-0.3379416584491195,0.13431363972629487,0.6221526398146187,0.5507818966415643,-0.29532973392761597,-0.43839588406667573,0.37301436722588477,-0.16120513324070926,-0.37266953387601465,-0.2501793410873401,-1.0282055719352607,-0.44917235400526534,-0.292440473544348,-1.6908950288736226
lh_G_cingul-Post-ventral_thickness,-0.9995124660268251,0.27185155201497113,-0.9470576937817816,0.07262117527466676,-0.17316592288858987,1.1770225664730416,0.12982962243067786,0.08169295830656391,1.1483208989570777,0.18141244747173668,0.645034903117419,0.48174261054829015,0.07093133139621566,-0.7309587772248642,0.2665826773781794,-0.5020234033585284,0.2562781006545274,1.0117641558691386,0.514796945885154,0.29131382341859763,1.8226458975398623
lh_G_cuneus_thickness,-0.918368618124006,-0.046282353360920486,1.539163430059689,-0.6006793467449881,-0.6579288594610612,-0.37043746658131593,-0.7643847585288094,-0.391100935337886,-1.9797346303307501,-0.33775628326932877,-0.3357449482382155,0.12652883343461993,-0.14416198093493635,-0.33266073926937045,0.16594732864464318,0.13133604066820603,-0.7683235379546278,-0.27663497780983315,-1.0828676345303796,-0.8244698794808434,-0.049878704404949084
lh_G_front_inf-Opercular_thickness,-0.051038451192614236,-0.05672569433862126,-0.07980658388319217,0.3044572980412698,0.4861166148233764,0.40022968045385293,0.03198692610780455,0.19835237083211532,0.4105971889712725,-0.24572211719946058,-0.1351060145037087,-0.3473229249785123,-0.053520911469555114,0.2638081022259651,0.05131260158055071,-0.07435332825078778,-0.4702718895079859,-0.2522239138516507,0.19884012853641772,0.1559913016452586,-0.2811454505338168
lh_G_front_inf-Orbital_thickness,-0.4660049901214698,0.04805180114332336,0.09562699967486285,0.3282691757836048,0.3140404936293498,-0.051459049399943814,0.12700939485351423,-0.3379348525896178,0.13370193310363676,0.03748782891242029,-0.2740383824244101,-0.33290985875646883,-0.09736840545080645,0.7334968730733681,-0.2849869501718637,-0.13346355040396465,-0.7436948176433598,-0.4890956052376659,0.7926288442254723,0.365723872638182,-1.0711451587857694
lh_G_front_inf-Triangul_thickness,-0.5942052164944378,0.14171057613576002,0.34468648017789366,0.3327775938414848,0.5925606000499138,0.2984771557334349,0.20878322921018053,0.2570720920365978,0.43749413695427425,0.0968898861271732,-0.368343333088178,-0.4430469526870196,0.044117560488933796,0.5304963771249233,0.07041694985778928,0.11421718066438051,-0.44916545216787485,-0.168101718060197,0.3139402982313675,0.15424860095883636,-0.002111905488148074
lh_G_front_middle_thickness,-0.05201187515708277,0.3800804731446936,0.0973298672595361,0.13244817650660853,0.23279359825454402,-0.18637353142014684,0.14479732975190565,-0.027175570691195895,0.13958169098067708,-0.00021132470967561673,-0.011733950534498739,-0.05034089089149629,-0.2229097266682801,0.34646013257115676,-0.23734439022038706,-0.22244702672537608,0.14674346608198446,-0.2642046516977285,0.08690646396540888,0.03763672889401847,-0.43406318965048907
lh_G_front_sup_thickness,-0.18106398434280932,0.4138643889266185,-0.07583233267726357,0.26002532005236995,0.363264157551904,0.28002003006237386,0.36404386480929646,0.14441470306026186,0.40951477443542084,0.14085496507223932,-0.019841397299252328,-0.12109289645024872,-0.43943700427061094,0.49375103114202173,-0.16442116599357431,-0.24380091404152707,0.30673422712530307,-0.16616559790794833,-0.07289357312711912,0.11702124190551108,-0.2807180346735678
lh_G_Ins_lg&S_cent_ins_thickness,0.41563377551976816,-0.0847248607121085,-0.7893224907414287,0.43808622389961444,0.46405464699712,0.8169206305265058,0.06717100391326682,0.7168061271432369,1.3560198083181336,0.16605724362780722,0.09951409817040704,-0.2369908193360051,-0.11422982737708041,-0.8645010875896879,0.03200249172009426,-0.04770699242681579,0.6555734471854512,-0.06755650662273954,0.7196393680319321,0.6125090454558906,-0.557252463626932
lh_G_insular_short_thickness,0.2765318621084103,0.2634954680165467,-0.38783560226022423,0.6641655841500923,0.7384966419763115,0.5786293860200404,0.22242565771234737,0.796526693554192,1.2448144398128789,0.13142701319511937,0.16890022213268913,-0.11192644403035094,0.16457308519871386,0.5403760352691638,0.024494920401542664,0.060054303058140114,-0.02537751823140451,0.015617570671046533,0.39237801000145156,0.37946301596373805,-0.2705644619095206
lh_G_occipital_middle_thickness,-0.2505763794101773,-0.2549190632941085,0.6096184373814344,-0.16121046459228333,-0.23906202805873228,-0.24176113014358586,-0.29673461449581207,-0.1536320795783728,-1.2123820940511967,-0.13217767696094793,-0.08863468420260465,0.23941479076048486,-0.21995546304866678,0.014914986418679433,-0.1072580517581784,0.05970031120199263,-0.2728036537847635,-0.23440007192820608,-0.16083660150263418,-0.12746592781995594,-0.35807137686470375
lh_G_occipital_sup_thickness,-0.8800140699809749,-0.5193598192817261,1.3850977788388747,-0.3569905831497614,-0.06697036591179538,-0.44396105077616965,-0.9099793128266853,-0.663455193121827,-1.29684020445104,-0.3789818851508423,-0.33251979164558165,0.0195836297059939,-0.2582733823359292,0.07035000238835884,0.07288643694652228,-0.29851017731766416,-0.9288651041504931,-0.8187457527305376,-0.9662152440754451,-0.7413666032863628,-0.9764327450820507
lh_G_oc-temp_lat-fusifor_thickness,0.4078897782788548,-0.2952733337250535,0.11771031874696931,-0.024291990088141986,-0.3315008980075968,-0.5128306236998399,-0.14002128158475882,-0.3936441731258842,-0.32170605758358906,-0.3072303591731914,-0.03848987620020264,-0.11221862038254643,0.2570070268417299,-0.18212313394482954,0.1459147884165756,-0.17063063128154474,-0.4077651713784894,-0.026938517576430766,-0.48762821089629665,-0.4039677983742278,0.10881219288694755
lh_G_oc-temp_med-Lingual_thickness,-1.0488984633651717,-0.44837089894372073,1.6853379270057887,-0.8798140058174229,-0.9430169488283318,-0.030343703144091273,-1.2290816581803825,-0.4611938390410409,-1.7221064422517034,-0.3947326328308777,-0.26165440466647294,0.40237578310680583,-0.5744103447154083,-0.2094540786602396,0.3973997156823616,0.27135006213637475,-1.061868990194477,-0.5190089750930575,-0.7387628958530034,-0.751902115953966,-0.7002146735296074
lh_G_oc-temp_med-Parahip_thickness,0.08977509183839086,-0.5583856333705337,-1.2137022929740071,-0.27386440564194,-0.5802610040670737,1.0153489827615692,0.7532493645210906,-0.08257625067252611,0.9259434015642813,0.16513779046044727,-0.1093833517682645,-0.3488702895625595,-0.9675770805037995,-0.8631331588648861,0.06261311208250782,-0.030568055336539352,1.0543082605423177,0.26748284245678,1.4816783340152628,1.005677722376997,-0.07913588526915358
lh_G_orbital_thickness,0.05426892174696493,-0.08649233597065721,-0.2645171032828133,0.3148949220225844,0.5123333210259634,0.036625618291415744,0.30189481629618387,-0.0964144605216051,0.9317660475412541,0.2663680140941596,0.12007800264966229,-0.424306300154063,0.20052194456139855,0.0307970793407079,-0.14476859597578418,0.3037241756104766,-0.08220444717297705,-0.4341066068829364,0.29579381547908007,0.2563111777385271,-0.5907040284489223
lh_G_pariet_inf-Angular_thickness,0.08561416495293242,0.14970323228392476,0.2151487072936581,0.25138455416683086,-0.03554050210526031,-0.5420677421336455,0.06395086004608547,-0.3876893237361809,-0.6765801345831253,0.19391759741402673,-0.03658430245268501,0.14897410566035021,0.17473571002331023,0.06758758160160991,-0.15775602657962523,-0.485258295930377,-0.45965655753951923,-0.6593626533940545,-0.2212588582332011,-0.125800672876259,-0.7441203847210467
lh_G_pariet_inf-Supramar_thickness,0.1146730211153883,-0.14175974703151148,-0.08869266613335794,0.15869941353410427,0.07542796727021066,-0.39737200644909904,-0.01334573408399257,-0.24954981620761918,-0.7550830350807534,-0.07594773401217485,-0.07840490270118357,-0.3547088047013323,0.010548038851977748,0.09541601731587283,-0.17088578066685048,-0.34169757947837515,-0.27199064181901333,-0.35144846714135136,0.022254462087014124,-0.05584980628611265,-0.2698457076914728
lh_G_parietal_sup_thickness,-0.05351299071447618,-0.0990171864814101,0.24332330089818066,-0.2291533286911249,-0.07383541215414202,-0.5192652448668451,-0.28355214416791974,-0.4045276325870358,-0.7385239403051957,-0.05587735664902357,-0.21315085119825633,0.08741020404811689,-0.15582622056335366,0.2655984414398219,-0.45812203900676185,-0.299849635319181,0.009508989695131458,-0.6830370060615225,-0.19728972705725037,-0.19962907517660988,-0.7212371813562649
lh_G_postcentral_thickness,-0.634756495592035,-0.19502435845341873,0.7014530839751251,-0.4307885225109552,-0.2641001444532037,-0.14855362361357893,-0.339241273977205,-0.20093824206274122,-1.4553945923346427,-0.052761192680411365,-0.3633467144874165,0.061507342476567244,-0.1719213580361239,0.5202542325455152,0.06824488222767403,-0.20558389663535995,-0.6532109828853844,-0.3575409135541628,0.258242238494263,-0.04057814100023447,-0.15346025249138565
lh_G_precentral_thickness,-0.4500633226439043,-0.18505939287118767,-0.25567265968022107,-0.6714999554458678,-0.2946916121472515,0.2059412321643649,-0.07189285890856974,0.08135770963795312,-0.3691021921749272,-0.232237447961377,-0.32408768998653903,0.13891407515218548,-0.4170335367043712,0.7111698233980206,0.24097304941128433,-0.852208796783827,-0.14586819666255316,0.29175004162481627,0.02360852656337008,0.0225904841198828,0.45747917835764695
lh_G_precuneus_thickness,0.05631917793158938,0.14655462930127885,0.2747156787893945,0.0243029262035944,0.1798425271036804,-0.2632716497481436,-0.1160223473644193,-0.37663328282923714,-0.38123440859036906,-0.140200670850743,-0.03193570513077348,0.10868572653183754,-0.3050632102085932,-0.131553174465499,-0.4080519824106501,-0.17670968657658248,-0.052541169610048497,-0.6437870090815704,-0.9341231685154835,-0.5764613460376699,-0.9130706603097001
lh_G_rectus_thickness,0.48973993913078157,-0.09188006501936617,-0.3352860468516782,0.38791649878413864,0.6278279799036526,-0.0073405783325052616,0.47805705912809965,-0.1679276430107827,0.9746570495111513,0.338295654717998,0.12038175726611122,-0.47132499319291515,-0.006329551947153741,0.2143635510641869,-0.26654883187641265,0.651633966768198,0.14386461232785738,-0.6602056026649891,0.5447216714170926,0.45560275432065234,-1.062869055016146
lh_G_subcallosal_thickness,-0.5949443650746148,-0.4074436433240076,-2.4244471137404933,-0.11336177299817121,-0.19264493070774927,1.2575846863879834,0.8583666930937159,-0.08095750220844561,1.4156044116517013,0.6815097385881473,-0.2787851925131313,-1.2004154316201476,-0.42654754017275,-0.5409605206629555,-1.0163923281326193,0.45406439441820007,0.4476024279778675,0.0918680965763915,1.419410974192195,1.1249507171436084,0.20504846402154958
lh_G_temp_sup-G_T_transv_thickness,-0.09714665738404331,0.06839919981129304,1.1528902913437133,-0.2957751356910437,-0.028035119195683737,0.3145476006840554,-0.5097208119932722,0.4730667636702445,-1.0552698081777252,0.0292666345032774,-0.19155678112505048,0.5580954655270915,0.5130913621670132,0.09277563515336851,0.5873250831764526,0.2714527066210534,-0.7900323311723907,0.5128487474269225,0.24091697155769592,0.00012629070131262298,1.0817525412479903
lh_G_temp_sup-Lateral_thickness,0.5100158901085766,-0.43819893070698124,-0.028375803321277204,0.21107317637205344,0.4138494528371291,-0.3001376380924085,0.015275931641860252,-0.3212491867385071,0.018400358864186686,-0.043542452434759724,0.10707165969535822,-0.36559917934571085,0.20892488513110155,-0.11571982552883667,0.06160876938850777,0.2088161770782334,-0.46599773813357703,-0.6609528080291774,0.07767170262031538,0.032039897656324215,-0.7415973548777796
lh_G_temp_sup-Plan_polar_thickness,0.6517821769422777,0.19815068164125926,-1.7280955045544435,-0.2028330769140051,0.43889128736219085,0.4162537728932899,0.7995379076802953,1.1943047660587398,1.3936618686804965,0.26783944611021726,0.33559686343424516,-0.690134161754867,0.03699892189557311,-1.0392789539306242,-0.6268073581321492,0.03460146987180061,1.1436598180467126,0.2485943989261439,0.6044506008772493,0.6450653095768649,0.24984289430875134
lh_G_temp_sup-Plan_tempo_thickness,0.2665906540829149,-0.2924258148798032,-0.06100480520421896,0.16391034111620023,-0.255817510992705,-0.6743062344573375,0.001506140358096264,-0.3439114575812039,-0.488829267928929,-0.47147405979327683,-0.1464899799011993,-0.09935707179038528,0.16184400122352274,-0.2186779086935165,-0.13818389851858592,-0.7054688103770989,-0.2459763044823801,-0.1388488258722524,-0.4628642088342007,-0.37909526326137866,-0.08684267147668022
lh_G_temporal_inf_thickness,0.590304032827899,-0.6115943235971266,-0.5976139322932953,0.4463393876320707,0.37393041722734716,-0.14820807958861873,0.23198810396118444,-0.22484725580224219,0.3144409584783088,-0.02038389084516668,0.2752220959815873,-0.4787303032975384,0.025314834523467437,-0.4454456127570987,0.1267017175144169,-0.058881542454922,0.1562576744020518,-0.32716139663719196,-0.014427660458036779,0.011510582167783306,-0.4386168865405983
lh_G_temporal_middle_thickness,0.3517037186774522,-0.24909663312646288,-0.3203982934743228,0.4484423424119178,0.43257271307830536,-0.3095059425202479,0.1491454097792769,-0.21225310617207413,0.09064706571423264,-0.09194826601631534,0.08775398282612915,-0.38620028460671774,0.1924124366602747,-0.32987730424109213,0.12003483750811676,-0.0919294553236273,-0.15624503924723945,-0.3535048906816703,-0.18761115240980697,-0.12419332281706719,-0.37364027475778316
lh_Lat_Fis-ant-Horizont_thickness,-0.03445893645089354,0.2291080750958892,0.12360322974186201,0.30598670312873977,0.6095984312622339,0.5798578609351481,0.23881199032674114,0.7755033507354971,1.3579307305312156,0.12527978586620128,0.4583138184261769,0.3077202708295336,0.35445512584989175,0.6281881816652847,0.4302100165461725,-0.18925211433168165,0.24762600531280088,0.3537299314692034,-0.2894831434563576,0.04796281403937262,0.3423380734411377
lh_Lat_Fis-ant-Vertical_thickness,,,,,,,,,,,,,,,,,,,,,
lh_Lat_Fis-post_thickness,0.1949857741414538,0.1652546073934688,0.6146566693592194,-0.13629100083692894,-0.062079641854262145,-0.17879461935980723,-0.5068744973452498,0.18610709433284678,-0.4684687508337917,0.48381798412296373,-0.17822221048382705,0.8520934567448873,0.30322917610729744,-0.27122759968443605,0.2471696692557545,-0.30554629522960675,-0.24894994406864204,0.27602850154087777,-0.007279310385640907,-0.21541890248301518,0.2976830115804689
lh_Pole_occipital_thickness,-1.1327914797484222,-0.38129945262380094,2.1629454712756635,-1.172138962598656,-0.9893271521137966,-0.08927885588271618,-1.589845602841697,-0.40245328404476527,-2.401188355566217,-0.0022379031749516975,-0.27284295970003847,0.5242447955871093,-0.33413455813563264,-0.10301391035691845,0.5380198542565502,0.35886216161729784,-0.690114657061875,-0.6069618671886164,-0.4241440534874463,-0.5818501803592664,-0.9895708028132637
lh_Pole_temporal_thickness,1.1492726747022988,-0.8923902264251864,-1.2320096111940588,0.09753184030928765,0.08383012936741337,-0.08080006256588568,0.41712827459918156,0.10904936086080798,0.5712825452420113,0.8073387695978848,0.6075383273035533,-0.16058463274814042,-0.09993919504138812,-0.4805572416637104,0.007756243469675383,0.21875948903545592,1.1039956739530368,0.18487888448924847,1.1687506146133626,0.8672180995705026,-0.2668406566098109
lh_S_calcarine_thickness,-0.8846631486156609,-0.10956266487447813,0.9254844524346457,-0.5803373359424381,-0.6297911856289994,0.06845242906459323,-0.4071577421273152,-0.18994607738040362,-1.0050861200433405,-0.32513761045128886,-0.22696537956935148,0.2275972772951425,-0.18496426579760833,-0.25919726986970376,0.20885081715028292,0.17082662007036675,-0.7450967139279042,-0.07864464129320885,-0.6471853959620487,-0.5693868341273027,0.3127569317867141
lh_S_central_thickness,-0.7056856648445783,-0.3099147286126308,0.4234883468413965,-0.8782928471905441,-0.7927242571645546,0.24625946078819178,-0.6466237915446983,0.2695115601649782,-0.9554370339060373,-0.259309407369318,-0.35420466431110786,0.7833820556403446,-0.24994784186174554,0.551741398032179,0.518460545557131,-0.7661901971654231,-0.27918387611745243,0.7277593158574933,-0.1986387470495287,-0.20236061128121235,1.133656553464064
lh_S_cingul-Marginalis_thickness,0.49884803590624166,0.21822676230592095,-0.35575261511896894,0.23903922337588873,-0.05596004130834377,0.13061356968626928,-0.20522783958956828,0.025368279969486256,0.6186815495801037,-0.0669260369006101,0.4620724202253266,0.4574934900277954,0.027173629119715347,-0.10019798568404945,-0.3703984254446149,-0.39904903835933486,0.4955732384601611,-0.0013298497943839006,-0.5971609868317613,-0.2897331323992304,-0.3527998837051393
lh_S_circular_insula_ant_thickness,-0.30198994268786317,0.6299599893118955,-0.4996150850816381,0.4761240328342423,0.3827366834061027,0.10275838986595699,0.18657816717521003,0.8229126748406538,1.0910113548941835,-0.25402226034081327,-0.12496596864568241,-0.5894880985410234,0.1994317382971926,0.19803542036104105,-0.17778858102374967,0.9249461883391964,0.060725106016803324,0.4463240345861957,0.40247207276418145,0.19404973374442436,0.8917823092770316
lh_S_circular_insula_inf_thickness,0.8433802715422426,-0.24786959701822792,-0.5089585805547939,0.025355130090393127,0.19963862819136347,0.07041856590176813,-0.02654723548044328,0.2570046818910624,0.666223584637869,0.17815968793909365,0.14386725747979376,-0.3124799972630555,0.3364500930750091,-0.4836506395595241,-0.002374855013051125,0.08615321570574881,0.2593408090241024,-0.012782538498437218,0.3075566972489594,0.24856067159048473,-0.0909379431033916
lh_S_circular_insula_sup_thickness,0.6468359577387119,0.43179006592158575,-0.12683649015420376,0.6229397895452279,0.4852309762177219,0.6817378850899207,0.16354685042689335,0.9374978982156716,0.5697453830890531,0.25279068960840895,0.08796058384824745,-0.5661909688001362,0.2995326560837954,-0.4626976131324387,0.2062707052094673,0.054604620892809465,0.7795476428786321,0.3150728927932185,-0.028894795631957744,0.20678779757750537,0.2182165652125583
lh_S_collat_transv_ant_thickness,1.249801944945329,-0.909254280488672,-0.4904268952693697,0.16417274522387604,0.5739591869823296,0.08675407500012844,0.7216093163545287,-0.11360819518859815,0.9272548926528208,0.12007660565768363,0.24881506210530957,-0.5851560207256309,0.15089852437986312,-0.8426994546825233,0.48943375147612506,0.04290169675199229,0.3053317249376351,-0.38701005906670943,0.0815721377286951,0.09093391315771973,-0.49030030665326346
lh_S_collat_transv_post_thickness,-0.6791254457985807,0.32919911831565585,1.808209772359645,-0.860176132046342,-1.4633716299865533,-0.8287268387303264,0.32989358206103203,0.13484130125055435,-1.9594670533626597,0.4795293183710455,-0.48927532201402524,1.623355239952829,0.18313684312627507,1.0070497501628322,1.0068391012964946,1.4407595267161284,-1.3601439093600176,1.4415389250719726,0.7639886228624293,0.06918122924099412,2.2580810157520634
lh_S_front_inf_thickness,-0.0383150944247544,0.39501627125728717,-0.03717963144846716,-0.13719977628726146,-0.42437623725846035,-0.4388367670731513,-0.16611606725745273,-0.09251237771522006,0.47985564728670427,-0.3159919454433335,-0.22247327058007194,0.6789684168183006,-0.1954090179520421,0.8099588385184916,-0.17716582071599576,-0.20639437562811472,-0.8650867585517225,0.05818285858652548,0.1293192947669858,-0.0694815149175137,-0.11582224388008466
lh_S_front_middle_thickness,-0.0016748937528054397,0.7306429658673128,-0.4747297117949154,0.36193414525926315,0.33365673073541485,-0.007843304593398059,0.1520591056336483,0.124504011614494,0.7873771963075318,0.381890852785732,0.4641503765086017,0.5199876368145463,0.027084879665750815,0.5352083575361202,-0.47262920896800437,-0.005072525743825551,1.0705053072391468,0.4164180973504628,-0.23874867302380026,-0.14037032172987235,0.3977334434598006
lh_S_front_sup_thickness,0.0361305594817743,0.9079578941291871,0.04940293471517191,0.0754897566257963,0.21145056518830505,-0.0721289541306444,0.2834776597219842,0.19147739510631928,0.25234841976550665,-0.14928913023361817,0.025323824532879343,0.033506600117540385,0.04518747497380366,0.1885319589042435,0.11045718585207376,0.004371405669590499,0.23040814762166478,0.28125615749268634,-0.3541912820090054,-0.11148535323372748,0.5117732311442983
lh_S_interm_prim-Jensen_thickness,0.19161443821976598,-0.4614431931765103,-0.4861615470408812,0.2497647186641404,-0.34230613804944215,-0.8902221081952649,-0.3107679270950638,-0.6987417012803356,-0.8484481645636008,0.0179058663340966,-0.23691423603952474,-0.5603736301846115,-0.46000524519369856,-0.10923020478984362,-0.7277313719443235,-0.603819119439636,-0.24773826979974584,-0.8525394194716417,-0.49608169206661173,-0.4419807305958873,-1.325475899514197
lh_S_intrapariet&P_trans_thickness,-0.01873809128116069,0.2633736579399111,0.48346290421545635,-0.06859125953637552,-0.2312124134659499,-0.5307403118389282,-0.05222764456981845,-0.2011123708979439,-0.8324398407517628,-0.0018354892532348138,-0.14168738855173113,0.4572628782901436,-0.042860962234526796,0.03875633395698419,-0.15913996238401001,0.011893409710025393,-0.08216117637449703,-0.0843308370701995,-0.3715586728056599,-0.28386001471222855,-0.07726045206328415
lh_S_oc_middle&Lunatus_thickness,-0.2123008509395814,0.31071594316379236,0.34341220428209474,-0.16189791617662783,-0.619409386426022,-0.41327462100364853,-0.3682388709480584,0.11860194843165044,-1.0089522177436887,-0.5048632882965645,-0.1255288387963637,0.441115467039558,0.3223503478789632,-0.5591649969149753,0.22786721276948635,0.08953188705417821,0.0702456393772486,0.6644209386493364,-0.716275618668569,-0.4326166734162332,1.0470271430482212
lh_S_oc_sup&transversal_thickness,-0.5470841874165762,0.2806477603712962,0.4875212628565407,-0.4092597714878153,-1.2227792341277368,-0.5943463716745979,-0.22244088272158394,-0.19892135672580757,-1.4695964811527635,-0.3262884962839959,-0.25802463958155347,0.2073123673002085,0.24235355094138886,-0.7011542591760891,0.04245094995419652,-0.027681540845881814,-0.23199934216553902,0.6466819334227475,-0.9069215142570188,-0.6548942196576053,1.2206600845278228
lh_S_occipital_ant_thickness,-0.30342979502558837,-0.01116663827537323,0.31601161714815496,-0.28963688232200824,-0.09958245280320888,-0.1902750924372396,-0.6637649510748793,0.10648274309844731,-1.2453391475554272,-0.5839782470539733,0.18686834665703472,0.3541623299917513,-0.10728669611541393,-1.0364000210707194,-0.09717074637420356,0.4598763226273363,0.522973014584723,0.5210185507267153,-1.1969851246068395,-0.5907912419353979,0.49322370627864043
lh_S_oc-temp_lat_thickness,0.813949618144728,-0.2199514378766938,0.1705156395701774,0.32845900530748706,0.037607615951232104,-0.2605935484529027,0.17956182555188174,-0.22774957859295508,-0.30136837583136417,-0.43523971347995927,0.10678862885227458,-0.25133584028649203,0.29593104924950453,-0.6032482710820262,0.19947612035964926,0.07754531710022443,-0.1294406488838936,-0.2479719289981032,-0.6814496570921323,-0.4824467897594869,-0.15635699079291662
lh_S_oc-temp_med&Lingual_thickness,0.7396341053717231,-0.7912229977632408,-0.17294033916490073,-0.017185291000918448,-0.18167329278160244,-0.39169536541438765,-0.04415848127619563,-0.5965979760236715,0.13370086994596264,-0.07274177847281146,0.10873184452453459,-0.0777238663063584,0.09642621453951983,-0.573311876600475,0.30296036655583725,-0.28373929946322013,-0.3303331501861273,-0.33941174735160623,-0.45020585785571043,-0.3261462321394161,-0.3869540894558714
lh_S_orbital_lateral_thickness,-0.250116421258274,0.5298864316690644,0.17900830829776376,0.1767115839156626,0.20532888063414378,-0.19579115570235286,0.1647230145638849,0.2734254362113328,0.8738238801096001,0.5844399690131452,0.08201179709331687,0.18370540517315562,0.7974312339723736,0.17682090374374695,0.21817294329662254,0.33343770022257796,-0.020255644285032192,0.7025077699473755,0.4943004375406219,0.23479496005770187,1.1966725407452783
lh_S_orbital_med-olfact_thickness,0.6669603531023854,0.05954640829130109,-0.32520953759876603,0.3464612874896422,0.34658180707483277,-0.17587435210906394,0.5006871214013141,-0.20506220262648447,1.2142151661554443,0.20356271103781332,0.15129245598528315,-0.7096503697480953,0.2983953842213302,0.015922411914808386,-0.04240893720053433,0.493777808366422,0.20872779750363124,-0.5032860648928303,0.21027307664617773,0.23635713779941403,-0.8477806337925881
lh_S_orbital-H_Shaped_thickness,0.06550937610478356,0.45353619964230624,0.2094945737961117,0.15440188454958073,0.21745092015781275,-0.005273281297349588,0.05544667993462823,0.07294880757361116,0.6491833824127989,0.49557714704427497,0.061327225685494736,0.003895758423936461,0.4438639110280609,0.11607422620924623,0.13817056289955112,0.3946570461191871,0.19722046492541426,0.18045959220971577,-0.12785842590040483,-0.09977238254010617,0.3065149240223823
lh_S_parieto_occipital_thickness,-0.12810718876276073,0.1167121521742025,0.48078932770658234,-0.1567510820576067,-0.19778368626748422,-0.23128876419736993,-0.3486000648105702,-0.21054317454129934,-0.3739719680549092,-0.058990097929438275,0.08811385551290019,0.26306528381589944,0.14616370106120855,-0.19681516628278073,0.20054015287865035,-0.3034543925803353,-0.5217204204828696,0.21478752639762144,-0.5334004498267036,-0.4571705962767334,0.4381247488126882
lh_S_pericallosal_thickness,-0.28346280514010735,-0.04591325291932821,-0.8416324854820145,-0.17715144324508894,-0.4788879036960868,0.6706248681059285,0.42459261174249024,0.06230420562240707,0.6977028843261655,0.42001649589910656,0.2567632672890481,0.2772703570905237,-0.6112988136572955,0.012316703932752571,-0.5890377301052254,-0.022323063725762798,0.9396215175484178,0.4297091519003343,0.6393753877398075,0.5138520107880888,0.2955821654005636
lh_S_postcentral_thickness,0.1125272851449518,-0.03675674937903956,-0.023979315672948316,-0.20320322214508557,-0.6186724866888256,-0.5741451641716708,-0.5378834868356291,-0.3171869048144026,-0.8592608208770166,-0.22835848081691124,0.16182905146902704,0.25390696322617323,0.0026737557359506653,-0.32851916489697064,-0.2854878821131561,-0.16301237104041652,0.38196028041269475,0.19080553122949764,-0.1290909329799458,-0.15799005071922595,0.4169152636782649
lh_S_precentral-inf-part_thickness,-0.19533780193786876,0.24513345974985837,-0.30169637475360367,-0.4037135612727472,-0.13812879983528234,-0.09279845119835266,0.24427875486021863,0.44289094260744377,0.34648630420498583,-0.21924360868599707,-0.2055382772934071,0.07015845521459628,-0.26032173693961497,0.39004339248747943,0.05954309879719126,0.18742389860929765,0.06743991718199743,0.6382129989807572,0.3712409472764208,0.19185610146620138,1.022223904095899
lh_S_precentral-sup-part_thickness,-0.3118555340050779,-0.21788024590439412,0.0737117810037606,-0.05969621444345547,0.5518670143869561,0.4076504971778578,0.22825745726603655,0.042342606818763916,0.11720650646299972,-0.5416407397482919,-0.021562908529123286,0.106303767447121,-0.6410514631304185,0.6306888749703999,-0.1587575793760862,-1.1273120794164668,0.14824286475219087,0.09968060356687353,-0.6691519334970109,-0.2737352526250312,0.020271366653063946
lh_S_suborbital_thickness,0.19716645610066685,0.11272860008748478,-0.36754518769495337,0.4239034677619506,0.7298170600699037,0.7795232901886996,0.7879812461330823,0.19644112768562177,1.1837660702267971,0.3128387586693816,0.32857953499774173,-0.6509195822131091,0.018091451337322168,-0.25956989978228134,-0.44170062916731145,0.7728080948952488,0.9585692831160312,-0.32498474275062095,0.677039504644084,0.5900461616737337,-0.8619821633288582
lh_S_subparietal_thickness,-0.10372075933900715,0.11223335819836978,-0.28484301827016556,-0.08975107759949515,0.346737908284359,0.0817190948036888,-0.026563474213894617,-0.03117265757612587,0.1697794697156765,-0.17502695603801224,0.26122306526568156,0.2902817160122452,-0.19135311243552386,-0.06433848932375909,-0.2444243273525632,-0.5974302610661123,0.4206855034643899,0.10892705837251963,-0.46175714809216195,-0.30892350437440436,-0.26332431574126697
lh_S_temporal_inf_thickness,0.7390455719346954,-0.2220901627489041,-0.40687128985190457,0.39924600347337597,0.08073516040244219,-0.19419899024419915,0.18674545728959435,0.05348418632372758,0.3411843680796868,0.2577329818488559,0.344336712180848,-0.15456587657197332,0.5042400849194069,-0.5950850351664634,0.1596420971714571,0.16140509001268188,0.40320250200414964,0.3128644989328832,0.29005201037684636,0.3343894222432171,0.4071325100980077
lh_S_temporal_sup_thickness,0.35092982162049124,-0.1825438226631509,-0.25109727172455576,0.019641173805133756,0.13034728972316442,-0.3815679082243903,0.06574249551947557,-0.1458583495194014,-0.0950569992325718,-0.3348683635602515,-0.22983893121046414,-0.2748891527534829,0.31588373800344494,-0.5212453179975591,0.12326818138972458,-0.03518972065302439,-0.22846511632707425,0.17162156399413706,-0.45528657894677443,-0.3664695295458009,0.6401908922963777
lh_S_temporal_transverse_thickness,0.10355026740078532,0.14686010565571006,0.9229189687773842,-0.8823848454395641,-1.008444917450725,-0.5254188415175642,-0.3772471092881812,-0.05293723462333065,-1.5220013735555726,-0.674747302129454,-0.6830635161047038,0.7623534212441325,0.7687482987035283,0.1742270649511174,0.3909504476905773,1.5100225475451747,-0.9169317107586339,0.7609445400276774,0.9686451625823066,0.5814408270226917,1.2854190055061332
rh_G&S_frontomargin_thickness,0.49677715934233835,0.29754108633325493,0.12564555884199036,0.06949227538387365,-0.36100947448050325,-0.8905999305196304,0.14809491606879116,-0.04100075429088727,-0.09569653801074823,0.5168898879885021,-0.10691109985860792,0.23656694125481997,-0.015828605517438348,0.023568787401547487,-0.03661103979783598,0.9189943114978285,0.7614749740830866,0.35537009626966015,0.9548465495546339,0.6600202950104246,0.3232732974995422
rh_G&S_occipital_inf_thickness,0.12100846595372303,-0.0213312749498432,0.7266441033755767,-0.4239660932300845,-0.5941975694650247,-0.5025473668560178,-0.18464624144456562,-0.022535428147056055,-1.0942839035980636,-0.37699248299156934,-0.11211426943968461,0.3279616315100164,0.592744242832711,-0.005644606669868902,0.6493279568067485,-0.19012251472525873,-0.8031965467792312,0.4739574920385722,-0.24839331949593402,-0.2702313224666984,0.7506115824580845
rh_G&S_paracentral_thickness,-0.8195892068662439,-0.17572419481302953,-0.3111716062871158,-0.6505727552430343,-0.6022850935066424,0.13819386761435015,-0.2126030942809148,-0.045751314815733815,-0.670336520882397,-0.19122251702186707,-0.2787308993434134,0.4293862763323585,-0.4232656432509655,0.7566597032357586,-0.2528738122068753,-0.5317174924623523,-0.1576829037052725,0.32798417707380895,-0.05708111423521499,-0.078624836766557,0.7701261847581511
rh_G&S_subcentral_thickness,-0.04203036438410037,-0.005060568511957307,0.4620706535816795,0.07721781778226251,0.19549045881521204,0.03616798925171338,-0.11485493782732271,0.024325071972295706,-0.28532680856565906,0.07129363769913387,-0.35632697839932376,-0.08027779180096326,-0.04954465588626505,0.5740743892839302,0.0751761596789159,0.19138159130980828,-0.33037667900003675,-0.21115786591315078,0.4323231357758151,0.1602616789133464,-0.2228474987369155
rh_G&S_transv_frontopol_thickness,-0.08379770142864419,0.311282061050639,0.058895455895397054,0.19027524705913812,0.31996592990189787,-0.20610858206914673,-0.04434756419607433,-0.07278131743355107,0.27863973631746886,-0.12473480232473129,-0.20672766414534416,-0.0014886840753056685,-0.145310446000155,0.10574387216211548,-0.15398096954736443,0.5645388000221808,0.20615089810563642,-0.25444474689071617,0.03986957256846174,0.18721212879978202,-0.5427846731104436
rh_G&S_cingul-Ant_thickness,0.10795876887561562,0.29910057362932757,-1.02059482050802,0.5716975963502161,0.5905555788971162,0.8962689969691673,0.7111408825730487,0.24924362453801926,1.5516602143238265,0.5011195213659086,0.5781472064708566,-0.4430628575385352,-0.16195276508108286,0.2191108700774332,-0.41108133299228716,0.2495012048867741,0.9788270047537326,-0.14787359426118182,0.35654522803570954,0.5104757843787757,-0.5196842018161938
rh_G&S_cingul-Mid-Ant_thickness,-0.10288368262134458,0.29322167661303067,-1.2157571236654114,0.1581456121531394,0.45073685064584545,1.1964404273649292,0.614953200530277,0.5798918983087124,1.5600562482784897,0.800161984642504,0.4161254135571901,-0.015037124577300685,-0.39872261664332564,0.39858596716579897,-0.3744448911579544,-0.03634579863554457,1.4750171929295846,0.5147705125427118,0.6419041584644989,0.6504092594006893,0.43629638363422135
rh_G&S_cingul-Mid-Post_thickness,-0.09987859844742107,0.1691879633028357,-0.507920722813478,0.1856870071302363,0.46065167483757025,0.7839398977763512,0.5515823533892527,0.2407271106103791,1.3848851332323284,0.3598393220833868,0.29820333977595803,0.10523620057161973,-0.20218093831674283,0.41349978883942995,0.07823603134072202,-0.4340266399157025,0.3695392493953167,0.09309081209320215,-0.0035736165686753546,0.13185569529710459,-0.017924041056180392
rh_G_cingul-Post-dorsal_thickness,-0.260056356059884,0.06141484699575823,0.32308437512618604,0.48816944765142023,0.44143370586952535,0.44381949094336653,0.19501993654050329,-0.09734735262551067,0.30745952955232475,0.5375452842515364,0.5504019903192531,0.10070079890996658,-0.3924406789297055,0.3673866540297881,-0.24653332039877213,-0.6772480305585075,0.10360601751778983,-0.45165616050105023,-0.5560092363232892,-0.26752985787244615,-1.0677866452235822
rh_G_cingul-Post-ventral_thickness,-0.6775612795890231,0.3468295261650651,-0.6043883922739731,0.2441419910251271,-0.07536831273668185,0.7357719484908225,0.15898154180192794,-0.010383169360355092,0.6175226424061803,0.2313668943142136,0.5467259451197906,0.6188292742205468,-0.013878812578874975,-0.37926198661236254,0.020945931981639566,-0.2597497948811975,0.04525328428780744,0.5733923886519762,0.07655632886241086,0.06183213609990509,1.0170914149357513
rh_G_cuneus_thickness,-0.6406367239079228,-0.07205521040703049,1.323616754845924,-0.6197774037896097,-0.7685192894929365,-0.45195855887782416,-0.8881353265082232,-0.4729127475242298,-1.821437321883653,-0.4144713184059288,-0.38494072571271387,0.19139976262759403,-0.0943206558720284,-0.17898295453612315,0.13139836668567156,0.31304150329178254,-0.7795825926845604,-0.3529322928427832,-1.1840610688971271,-0.8886207439633983,-0.21275628825643197
rh_G_front_inf-Opercular_thickness,0.33430531495453775,0.04255298198259317,0.10922188016305912,0.5412942689458048,0.7636137613830802,0.6013251646223458,0.18681293705342872,0.4951649580635472,0.6662063160007797,0.04446395006114423,0.171997199568029,-0.09715665216581121,0.07204986527018374,0.5633371042642507,0.26074407767887425,0.102932911497291,-0.27657062285063283,-0.196789929830648,0.4099728644494393,0.41583192734361896,-0.5151339764722014
rh_G_front_inf-Orbital_thickness,-0.39513116908603463,-0.13479747653977261,0.45425954463366847,-0.03767508743392966,0.31749295689713053,0.11638128725700529,0.42693375795775207,0.010976294373242065,0.7791066149396724,0.3813702102022981,-0.4481516257005068,-0.007018980160680115,0.10898408167395171,0.5321551735660741,-0.0036763901658654063,0.23315729996729462,-0.23613214590533596,-0.00025204898565775897,1.0547564705461467,0.5180406935762123,0.23341845312213505
rh_G_front_inf-Triangul_thickness,-0.8275119042969872,0.18456416407284984,0.3057827881065107,0.4362618134062142,0.6009251819401077,0.39851708155353055,0.2345794436527365,0.33694447656168913,0.4916852154578971,0.25770814233031186,-0.37038344524283034,-0.53990221097207,0.21309453253844504,0.6329621423246476,0.2570083982441765,0.14703884221211502,-0.7906360349164171,-0.08437328436236541,0.2134419541563086,0.1145289322529273,0.2858580918617029
rh_G_front_middle_thickness,-0.09716013296966264,0.3327222392896119,0.14411006865543483,0.3247469578627992,0.4423517150998408,-0.15260014550165554,0.06250476790790253,-0.08026531390986683,0.1700596087421214,0.2102437194851648,-0.06180782658499099,-0.081241446650459,-0.3772840807468084,0.3739609197226444,-0.2547832946292371,-0.388022136896508,0.06674511485645238,-0.5868729692507534,0.046294861465932056,0.04300373717513819,-1.029396021875358
rh_G_front_sup_thickness,-0.11402400235933995,0.3749310584871521,-0.11411617227115517,0.20788368795930687,0.3857489841229513,0.20361788097813938,0.3921778573151191,0.0978287017917281,0.512238837920137,0.16133937843304266,-0.02909584727404575,-0.13582859453239363,-0.31306251644346744,0.3717657685912469,-0.15075828005244593,-0.10443242219294567,0.26538675323843947,-0.1734214802972266,0.013777110377215322,0.13697977326184516,-0.30530072721739493
rh_G_Ins_lg&S_cent_ins_thickness,0.7989273366199514,-0.07266788337754232,-0.6199485932082838,0.4710220499296699,0.8184996653190305,0.9954581854486082,0.09845475921225932,0.8131617358470318,1.3084163257996395,0.148061112187801,0.13809297674627807,-0.485310357433376,0.09184154210764268,-1.0756736192784337,0.19163208676562554,-0.11197580156295944,0.7512130685331104,-0.3189705065551416,0.7845409001840397,0.7524551936615967,-1.0918279990959345
rh_G_insular_short_thickness,0.28233994974831317,0.30534612744973677,-0.33225023348108923,0.6402840961239702,0.7689109773116573,0.6106498352629339,0.26376412418923195,0.8247935228192849,1.3106857062960844,0.15694591403168331,0.1775106482811594,-0.1685295109279058,0.16472839210997417,0.5171835155590325,0.0546148198269219,0.1653053335869333,-0.022745546571946773,0.025221587440978934,0.4874411569297781,0.441988370329514,-0.25365771318722186
rh_G_occipital_middle_thickness,-0.17677992402973053,-0.20393633527315502,0.6037062632543367,-0.14708676113569172,-0.13962733209288933,-0.2084786648189325,-0.2955133668596335,-0.14012826168947057,-1.057614831286998,-0.1257031642124197,-0.11817721308607396,0.19054466633810446,-0.21881509726628628,-0.04851157557706938,-0.1140512228953856,0.1858208736621972,-0.1782816712358456,-0.3718147535521896,-0.17139144431713782,-0.10533657628383693,-0.438981626325845
rh_G_occipital_sup_thickness,-0.1989063798691465,-0.13890802246993653,1.0453396961688453,-0.05303010726008618,0.1132500982572302,-0.3975717413004435,-0.47793451938821657,-0.5195799457416247,-1.126553468110812,-0.19844447554816178,0.054015394063240026,-0.020769324016450798,0.060903364854869135,0.018497243199763293,-0.04898405353491566,-0.29861077367010075,-0.5861309060280371,-0.8403315613281904,-0.7480142809087236,-0.594684261307588,-0.9821430168403917
rh_G_oc-temp_lat-fusifor_thickness,0.502471917171118,-0.24491155826733035,0.2919641365510722,0.18306020617764093,-0.12997948197125228,-0.3085832773494801,-0.02936522056802271,-0.34744863789806807,-0.2478233884045566,-0.24638041448064674,0.09353435195021507,-0.06885170330374214,0.2703399242010967,-0.33105503918231083,0.3688053258765097,0.019579585733266607,-0.3215400098968617,0.09156503259968866,-0.5463054347110996,-0.38090621966437727,0.11320673497424986
rh_G_oc-temp_med-Lingual_thickness,-0.9253056305071401,-0.41542111132456405,1.3458686643571103,-0.7892499893513818,-0.9305925701974089,-0.021542428860120467,-1.013826743599387,-0.44465342422758736,-1.4322283680208439,-0.4020918607637034,-0.23947823619923833,0.3846176022253857,-0.5128889611521146,-0.23405138050551139,0.3519314643965774,0.18107359998355124,-0.9442759800046361,-0.3951390883084695,-0.5305965848964181,-0.608684373268501,-0.4843842735995824
rh_G_oc-temp_med-Parahip_thickness,0.3793632600331893,-0.7176025152498676,-1.2605515564425225,-0.2363486926438708,-0.3793419780718693,0.8918719931408121,0.8244427248816227,-0.10372808906299463,1.0281658587604445,0.19897259905747502,0.000844202419791333,-0.43858118516737804,-0.7783682375337023,-0.7778786806686393,0.07963525107265838,-0.17151201357790122,0.977317652499845,0.18324007232343867,1.4281607573648287,0.9611466143572865,-0.22340107694073535
rh_G_orbital_thickness,0.0869064296265169,0.08678360854584838,-0.20120577539858667,0.40619166964968223,0.734851966330306,0.14660678768739194,0.33977735697766204,0.030820072943515322,1.0483756891698048,0.32126254055163167,0.14869101425661543,-0.3882079160572467,0.30039216647243805,0.09282071994283855,-0.14166063635309173,0.3285049554999097,0.1115796796400418,-0.36953190955469045,0.3885488868924093,0.36609231142840726,-0.5684218528028617
rh_G_pariet_inf-Angular_thickness,0.07325257631531576,-0.05696078081274552,0.03261138830750088,0.20146871687911044,-0.0849872468981535,-0.5478286572204565,0.13272191876292244,-0.37008558288365945,-0.3939044135577089,-0.050891210994783394,-0.0730437022593412,-0.12491881560491351,0.07448797584845686,0.07449496120889958,-0.20316448224264047,-0.26459331751370924,-0.3776595205594423,-0.6088870668292006,-0.027269251671604836,-0.06045428827757833,-0.701731719652995
rh_G_pariet_inf-Supramar_thickness,-0.044630356299174515,-0.05065118211742319,0.18108299301256991,-0.029447769337769145,-0.0453773930842542,-0.3238414869942707,-0.2971195517905003,-0.34667735262421967,-1.1562456303494804,-0.31633394628767547,-0.11820218044315961,-0.06662603983902197,0.07727902989568221,0.28417382258075335,0.05826209855861212,-0.06314878849143252,-0.42996757104872996,-0.23148408393653508,0.09184407957183156,-0.01692755925990555,-0.11795709833389752
rh_G_parietal_sup_thickness,-0.05531805116294577,0.016455635508290115,0.40736969985996063,-0.17429938177600862,-0.2053060963373598,-0.569597342132644,-0.3004091473100728,-0.4280224274544214,-0.8961702990281475,0.03869974208216271,-0.20220901121375803,0.0703843697205059,-0.20034166255019345,0.2749453522567702,-0.3015274313886017,-0.2665781926880302,0.03719790450289733,-0.6731051631372211,-0.13575735017919252,-0.16248200416420103,-0.7799978686407081
rh_G_postcentral_thickness,-0.7270503463211365,-0.31393341997328633,0.7464947132104423,-0.46347006927845963,-0.29461173026907517,0.010179272875792155,-0.42662801060190736,-0.15829099862255724,-1.3862037291759381,-0.1279851981728674,-0.4247166963325538,0.10347368657304577,-0.25759084378428004,0.6426818795013161,0.1106208165296682,-0.2940815042860878,-0.7154348536944286,-0.2916727865649939,0.28497274557233876,-0.006197709778880447,-0.04427879566792834
rh_G_precentral_thickness,-0.34855750673426655,-0.10746466910841472,-0.35691454143866047,-0.5835642753015067,-0.2425353449554458,0.2677869947415186,-0.020104446938362375,0.2014211857103575,-0.06786998061346534,-0.18654986918741961,-0.21936828802885608,0.1521803747604914,-0.3514106284599124,0.6990630624662428,0.254956765645589,-0.9718441981388465,0.012246306236073803,0.39600011882070363,0.007756505215195997,0.03754593252552581,0.5633366011412853
rh_G_precuneus_thickness,-0.04783746616781146,0.25066230231699255,0.15013241885392223,-0.059323523180536714,0.10534068126744706,-0.2261751548890043,0.023718232396308252,-0.2999561448140667,-0.5217389367487859,-0.30543888029306576,-0.13936359863795217,-0.0081610627293576,-0.22984751123971245,-0.25560586267966456,-0.4009359022650492,-0.2668729057902965,0.04904946809455975,-0.3991038646679083,-0.8853217262437234,-0.5927381529543835,-0.40765916483840997
rh_G_rectus_thickness,0.17099815646095226,-0.2682021613260324,-0.6551180328550348,0.3650135366128765,0.6099335214977819,0.1575108062119797,0.8877244231152552,-0.1734360991047888,0.9905587553824404,-0.05527685190110687,-0.026934526809034656,-0.9878998805361804,-0.13943775441451803,0.17213820325384024,-0.47371417182707953,0.7568251003824216,0.02866458780006513,-0.6465466278403006,0.6300007897282421,0.4855531842180591,-0.763463541585437
rh_G_subcallosal_thickness,-0.5537705072324722,-0.4164916645595165,-2.3787554976460052,-0.10822169415558079,-0.15599205797706056,1.1975097172049112,0.8362055142687238,-0.09586134613421103,1.4375213742424946,0.6116013444718521,-0.31342426075342594,-1.2152370890654274,-0.40323093355172496,-0.49973153580239815,-1.0267875736870329,0.4771607883640377,0.3679484678819343,-0.020390652019685148,1.4374572809985897,1.101015214372914,0.06467926298546786
rh_G_temp_sup-G_T_transv_thickness,0.13214696505195778,0.19608265297637084,1.1552284653167757,-0.29134045737402336,0.16027290344043646,0.20025860363587014,-0.4936148691152395,0.42545453715674997,-1.1961092256900199,-0.0894561532891156,-0.2340773408309701,0.4140022626615945,0.8221197591116558,-0.23102427207171705,0.5686316049349498,0.42565421231660117,-0.7396469659646109,0.28529502816925645,0.029245062665182675,-0.10680668355845424,0.8884032072440992
rh_G_temp_sup-Lateral_thickness,0.20491692276777232,-0.6925311675496811,-0.14929165727080626,0.0716737300828934,0.4208811291359011,-0.2774016149281539,0.04800348425254297,-0.3649596126228478,-0.03046239246969308,-0.25947788619575607,-0.01591577596029784,-0.48809187229084744,0.10735692696934408,-0.23324181986845138,-0.058218601660218104,0.15231105122646524,-0.7086458466313199,-0.5685837414898537,0.10575302514782983,0.042043466299949685,-0.49256056801321607
rh_G_temp_sup-Plan_polar_thickness,1.1249607440457703,-0.7102941679044653,-0.9498729086441453,0.04666098711754283,0.28287335694133964,0.1970957928359175,0.5038066437440905,0.12401854040360318,0.6734481233402387,-0.09775295035328105,0.338330716970718,-1.1030634810858635,0.0184633786796935,-1.00421430840121,0.22739163469458618,0.08659877465646049,0.4991250198205743,-0.31436082969606377,0.9787061460725727,0.6443278329395282,-0.52510138035911
rh_G_temp_sup-Plan_tempo_thickness,0.39437658982200574,-0.2591456459718949,-0.0951610764189115,-0.037697429364035084,-0.4171218556944498,-0.6152455956643713,-0.4180319679299953,-0.2071809226903193,-0.4395070372028556,-0.024246616312505805,-0.17281933581040998,0.34562525898414714,0.3297397450591387,0.008899237687796147,0.07479152231643577,-0.21991248470360247,-0.3473119360113346,0.02323575365676601,-0.5586500032116928,-0.45696576278406076,0.2821742587609891
rh_G_temporal_inf_thickness,0.5447038370264687,-0.4948131100426598,-0.5437606560032544,0.5038820065108741,0.441288777456642,-0.11848334763482216,0.21098591778379053,-0.1816246191895475,0.2896914120024039,0.02455121234886684,0.29186870875813353,-0.4430156139955788,0.040556248932114104,-0.41970723524012055,0.11570378132132302,-0.07233198186945773,0.19766440942303118,-0.28239451880129895,0.017734330819802725,0.046771732327077056,-0.37518952108867265
rh_G_temporal_middle_thickness,0.3126254378829178,-0.30784823714235415,-0.3838572207656268,0.3973929824043909,0.42567275540889443,-0.3200117575199638,0.10110109744503455,-0.22156811949715702,0.09001375042294596,-0.10671816183350546,0.032365604532569925,-0.4450291099778952,0.1469112900093768,-0.3690508520791608,0.053641926431946874,-0.06480217430911785,-0.1893523708238151,-0.38432933008660447,-0.2377911823964362,-0.15502528326934992,-0.3476032172034487
rh_Lat_Fis-ant-Horizont_thickness,-0.6199155955473807,0.7314897214099871,-0.4916390377188574,-0.302146028783192,-1.1780961227644324,-0.5462591172096996,-0.2034355646652463,0.4145503291364308,-0.6569464634594698,0.39839119519362803,0.03097871751209195,0.5307798918528692,0.19559341467486105,0.48319506183194827,-0.6434414725403179,0.14495270625861123,0.32312163168287783,1.295599588516049,0.9123441899649775,0.5563904212623999,2.007036634181066
rh_Lat_Fis-ant-Vertical_thickness,-0.6390192661370487,0.3882771152876404,-0.9760216072800108,-0.017194525835457553,-0.21891183664153427,0.3502389395187062,-0.03284465823856153,0.33533519852279736,0.18856305454988764,-1.8617479473063185,-0.829001005551739,-0.33726748036735454,-0.055318945875926784,0.4009274936825397,0.1856138040851076,0.019550078978637253,-1.2028928611915195,0.4772217225525377,1.0775911778482115,0.46006589708181445,0.860319097238858
rh_Lat_Fis-post_thickness,0.30473831882841274,0.0009031639686943192,1.0199914423859486,0.1857226477603549,0.2537853145033239,0.5338938792702662,-0.643989034697527,0.41641101838466915,-0.19418156589380914,0.05215076164193154,0.053139617090649634,0.4899221982638873,0.7028073667487652,0.43255066239130774,0.6307668897231455,-0.25559028401515776,-0.5305929286110808,0.2520444134444567,-0.20102611133475132,-0.21589030909204582,0.32962567152996985
rh_Pole_occipital_thickness,-0.8429050151883664,-0.293479184645955,2.032951690284581,-1.0897547997227202,-0.9093495348404479,-0.25545329109642045,-1.246384115529544,-0.37499735518397576,-2.2876259552287874,-0.037655056571003175,-0.277454497814351,0.49416390547822436,-0.17170149087137215,-0.27092257612504994,0.45021455111043734,0.22329947036019937,-0.6078963390624248,-0.3643295044735028,-0.7401932694412457,-0.7149936920574728,-0.6695323287105283
rh_Pole_temporal_thickness,1.0747312543329632,-0.8853830952835416,-1.2483555515102904,0.15637900346385697,0.21290381576563008,0.03137341330472283,0.33508543749728387,0.07262715234414795,0.7473705501312208,0.7452936624756396,0.6021766917805506,-0.28494799003598675,-0.11202373816900543,-0.4380351685104961,-0.09391429836958345,0.12141034693434094,1.0358286820914926,-0.056334634035225914,1.3399243942403136,1.0166273727088535,-0.7687122443143474
rh_S_calcarine_thickness,-1.0356257914497278,-0.15134908064692143,1.1641474679876902,-0.8363908702786275,-0.8530329341336291,0.01554503274568223,-0.9308826276426517,-0.22694745753713436,-1.335243363512605,-0.3320235664943704,-0.2163636060872993,0.36789469773813244,-0.19240347947597058,-0.4205095003503242,0.31680312013796486,0.3859671095999276,-0.7689013823893147,0.040633072385876996,-0.6492920370576221,-0.5987835584613979,0.3027228709391479
rh_S_central_thickness,-0.7658112873733368,-0.24113867761661986,0.20887088353289698,-0.8852010492923535,-0.7089789595848266,0.12428627196915934,-0.7182687539339736,0.21531886262847325,-0.5684440784295408,0.006026992730627726,-0.23163509385772893,0.730608679985925,-0.15771000372797603,0.3917293537610204,0.47228838926634403,-0.916996249439778,-0.016395301545637786,0.7521979241547839,-0.31420080009323825,-0.26056595994480486,1.0769939929831667
rh_S_cingul-Marginalis_thickness,0.5164893379384625,0.27873298046248624,-0.33700808873833654,0.30200370298156526,-0.012366692366041102,0.1238904043064341,-0.16717976839553353,0.023921311650008954,0.6149059811285202,-0.10012546699478705,0.45841071683103135,0.41286675057020017,0.0168866787591561,-0.08872520737575604,-0.3665771838599969,-0.41326373698399227,0.49714364258480737,-0.053834953328157256,-0.5792486925343584,-0.28080750118655856,-0.44181108785502676
rh_S_circular_insula_ant_thickness,-0.14192891651975503,0.4126311393104474,-0.08658464234725353,0.6400527688935466,0.7151736164560732,0.39299569713496235,0.26089068868510995,0.7839640273961687,1.172013859384004,-0.25455495018716834,0.06139685309403946,-0.3342932661311994,0.2515265858067441,0.47729967327792433,0.23132831821636266,0.5607088205926775,-0.12706881166072537,0.18135560753450933,-0.04561526608255762,0.04338894078325275,0.4289598986293524
rh_S_circular_insula_inf_thickness,0.6965319727450947,-0.20351206053924284,-0.32581004293177407,-0.0247213462450563,0.14275348435298965,0.07103276098025692,-0.03900700543711658,0.3243545778307322,0.40897088149678446,0.1576039829703779,0.03793699059336032,-0.27877244032326975,0.3378281908720642,-0.3869689067946482,0.08918523828200545,0.04593433486156898,0.10329919748284777,0.18514579108296958,0.2678066112325438,0.14825453124041527,0.28483049246668285
rh_S_circular_insula_sup_thickness,0.6948200280544355,0.09124871129277139,-0.8372466347760744,0.6839333239817116,0.2263660845514461,0.41779781164053126,0.15931423760716326,0.7542983623269626,1.0374143767026052,0.2060038157392334,0.13621759221220475,-0.6677260689588899,0.17702975496715467,-0.24103773356235442,-0.007445500269452477,0.2972770687977309,0.7749731425302795,0.43551120388527226,0.40481567775969507,0.42463266873767713,0.1449464280074131
rh_S_collat_transv_ant_thickness,1.022138945027615,-1.1299564087169092,-0.6627319291647197,0.2578003925742173,0.40665404016310236,-0.15451747438389352,0.5059654746193036,-0.2309815196672806,0.764097741265167,-0.14634104614767798,0.06868634170910927,-0.5877035525229727,0.030279852145477522,-0.8522939249835746,0.18427918313361197,-0.2317148491595208,0.19358318538621253,-0.3949073781069886,-0.028998611462667273,-0.04642941169820815,-0.4046269519286691
rh_S_collat_transv_post_thickness,,,,,,,,,,,,,,,,,,,,,
rh_S_front_inf_thickness,0.013568105830912731,0.29568928324818133,0.05337197115867718,-0.05274303244231112,-0.035282816334342285,-0.35262308363904454,-0.29794439279571566,-0.027590925187533248,0.4357920789528222,-0.3904473737959644,-0.16430358881602972,0.4298282848388455,-0.2331079851155493,0.583509818986293,-0.19301211049153033,-0.1936000362369735,-0.41523164833404486,-0.17859229647596633,-0.2802685487050903,-0.28635044758068184,-0.31366198893617914
rh_S_front_middle_thickness,-0.35493980504516326,0.9690914663798849,0.016397313260988994,0.3818332950947093,0.626001595996172,-0.04882314237928716,0.2899293418134852,0.212922039535759,0.047160507146536024,-0.14907886126446734,0.2983241628839116,0.22515418157823433,0.19221787620986433,0.6972239858492465,-0.22327548046262402,0.06517536878658688,0.8358542856563294,0.33446190096503,-0.37011139169467344,-0.3115342399202015,0.5345186017853317
rh_S_front_sup_thickness,-0.013011385195149968,0.6714492445369571,-0.03743435374689559,0.07437913683786841,0.22289548642604873,-0.0722570873223909,0.24375878495209227,0.08199197983967872,0.2541304140936952,-0.31096862528619124,-0.05474842269472647,-0.08334871333511609,-0.14621768033228502,0.12167123578662235,-0.06407943210272558,-0.10679344646895089,0.2872601650755792,0.1402122189103614,-0.3692915312667203,-0.17352366860621213,0.35774737700657927
rh_S_interm_prim-Jensen_thickness,-0.432061142320258,-0.2600957540382419,-0.28176294920086126,-0.15189593335597276,-0.20480353537497026,-0.4708859660981237,0.07133048758115172,-0.34909208004427533,-1.4339513668320636,-0.40936786588906543,-0.00852310908434486,-0.26576344073970454,-0.01633832385601473,-0.539068424358781,-0.10459776279117247,-0.31262033442300935,0.029724072195686582,0.16987779885967771,-0.5767199324371932,-0.6046393099385099,0.9570214995691773
rh_S_intrapariet&P_trans_thickness,-0.06197702735131345,0.02458122355530359,0.4347206587690669,0.057840369243142266,0.045534558586535955,-0.4806726874153938,-0.13025709268389948,-0.3041530769618332,-0.7294378015507945,-0.09508816346858548,-0.10933512683963435,0.3648807038723675,-0.08763686964599704,0.13636400039310598,-0.46378544657763576,-0.040580055300049565,-0.1778762887699471,-0.49948714627450197,-0.3031012176757642,-0.21401850885190407,-0.5432970748763017
rh_S_oc_middle&Lunatus_thickness,-0.226301324860923,-0.22812381906198512,0.2915552623481591,-0.367363976330638,-0.49965387881390233,-0.5128570131638304,-0.7984225784576385,-0.22618049740548532,-1.1970284846300552,-0.5901038181937549,0.05907094413272052,0.4582774187361858,0.0569859388998164,-0.6484660140778964,-0.12856196012050702,-0.15560922158894397,-0.07110986118673847,0.36403203741412726,-0.9704673477045712,-0.678623447262537,0.3709935757559287
rh_S_oc_sup&transversal_thickness,-0.1058121610374566,0.3386232456828757,0.5725201852094772,-0.08282426993350651,-0.6775489599627116,-0.503660155663276,-0.11538983258070253,-0.11727173022496919,-1.0127315245161406,0.08660734682656716,-0.16191450527826537,0.2354072091003558,0.37392771313793843,-0.05750628532463764,0.16253770782503005,-0.28698105292244963,-0.26138948188500316,0.21745803051571444,-0.7052853963586216,-0.5351248488680274,0.540823485426236
rh_S_occipital_ant_thickness,0.14006127543563845,0.2987312639353727,0.6798570447093005,-0.02619092813032719,0.12756543630522857,-0.3362673599985943,-0.7178887857806089,0.0018170654595497876,-1.0001576112209962,0.010792743070837154,0.04065511172267251,0.1077468063262642,0.26284197589149844,-0.07468323361874118,0.2868310839199667,0.5118841837626231,0.05472183845461117,-0.08513173271153629,-1.0167177224063626,-0.5726565272101686,-0.16243861873409252
rh_S_oc-temp_lat_thickness,0.7041929456754222,-0.15901266011983126,0.1482257706217952,0.2846955342816644,-0.3467656976634786,-0.386031101096826,0.0674743552063742,-0.1962202614288474,-0.4731031524834011,-0.315910779339324,0.020263442658198825,0.06598211978797065,0.27269687927942104,-0.4653156104642573,0.22127626905135803,-0.06401753719928827,-0.1592318622101359,-0.16129604564924363,-0.6469432738869534,-0.4461658750655847,-0.08297977005621815
rh_S_oc-temp_med&Lingual_thickness,0.8394384528225785,-0.6446812955245961,-0.3531094837035352,0.13663515887381467,-0.2652536404651917,-0.5311481753641778,-0.10186986082239326,-0.8177814542454891,0.3575391555438183,-0.2934159878653018,0.23911723751118544,-0.35536683813042863,0.18279442448527153,-0.7064737860945753,0.1220819748146389,-0.5780532764990223,-0.23293498714499342,-0.5105797170902576,-0.7030413234785625,-0.4857656741554141,-0.5061785296155055
rh_S_orbital_lateral_thickness,-0.10071912248881798,0.8537464883739002,-0.02374229853750199,0.19432411880843284,0.19308878877781685,-0.2857274283497409,0.2048354526002161,0.25245830027355715,0.5439241348700498,0.3674598583055079,0.26125741488357734,0.0969976003382894,0.822261228400781,0.35793928852040996,0.13868837209582033,0.21773856666497196,0.15580250448572663,0.7119249957619006,0.18833982747841901,0.10655057925745988,1.0396100219870952
rh_S_orbital_med-olfact_thickness,0.6699369301601726,-0.027690962104330245,-0.5018488677886794,0.2592823057145638,0.3255735744786029,-0.07822706961676723,0.28614312831700106,-0.13830192113514708,1.3415948005628047,0.2707730808335555,0.15052620620187226,-0.4197962216734013,0.2825422001646998,-0.13193126440659328,0.0567043801767219,0.4981584512416608,0.3308073944919384,-0.3446863030061631,0.34659371923981314,0.3136146745100912,-0.7378820388058932
rh_S_orbital-H_Shaped_thickness,0.11925660712244675,0.36140510788130853,0.18528280269065378,0.2537619354893104,0.21242258881498202,-0.12692213900423627,0.174835800363383,-0.01638814468297199,0.7204535597494715,0.4466630185324337,0.12266200835478083,-0.036086720363813135,0.4625942783240094,0.38053458947174257,0.11324698984117791,0.2618021584961531,-0.01473060128642794,-0.0002074297113780926,-0.10862638709126728,-0.1217045960447827,0.03629239919578601
rh_S_parieto_occipital_thickness,-0.436638162741206,0.19577088846116072,0.09147198566838936,-0.5665303356733831,-0.790558131650673,-0.4552104574198969,0.2535615550163247,0.00803865503463595,-0.6023818219762319,-0.2517541097350266,-0.20684858568511208,0.23032097113433164,0.1907968430679396,-0.25648120118203593,-0.17446314311721806,0.22092267846960448,-0.1573935548648216,1.0926705087288444,-0.34377682323733716,-0.27076920337122273,1.438132903059149
rh_S_pericallosal_thickness,-0.3647767500037388,0.06441509692922089,-1.0418004352419934,-0.2447175514317023,-0.4456073296156627,0.6955167103962303,0.45361512831602785,0.068827956798736,0.8243390157050579,0.36965441564446444,0.22801043034854876,0.22877531991989944,-0.5811959711488839,-0.10763291551781291,-0.719345643797831,0.03697106753654198,1.1257085437981325,0.43509175402521266,0.715033889514743,0.5842771920316709,0.27822883194468984
rh_S_postcentral_thickness,-0.059670507862973815,-0.014655602927274865,0.42460466739912495,-0.19167284821907415,-0.5355117497605961,-0.4563207610701384,-0.887731738209737,-0.3033937723216012,-0.7562955642701621,-0.289086137268659,0.1063138139112209,0.31729900589279414,-0.0372458552459901,0.026334603168393644,0.2755071661959818,-0.32271074535434735,0.05843863715693253,0.08545242111423416,-0.4849584067393022,-0.305456908384911,0.005723511739042
rh_S_precentral-inf-part_thickness,-0.1409222284019787,0.38622826880291616,-0.19668502748275263,-0.3781397528019112,0.0178496282463728,0.017678721909329717,0.23779767252118525,0.44135895818203225,0.3510378492026989,-0.1509355475398207,-0.21001203962569903,0.16709248451946587,-0.2729697449378902,0.4259478179136697,0.057416311858510684,-0.029349075876813235,0.04847611985745435,0.5266482847696479,0.3823903868427076,0.18231301163007355,0.7360117925851175
rh_S_precentral-sup-part_thickness,-0.21123457746350316,-0.1697800258269364,0.2228391920516758,0.022713446954678838,0.58752120805469,0.3946263738074725,0.2598730130802297,0.027697613690262267,0.05216602344834543,-0.36813773520538623,0.007209654299717061,0.22505095264179245,-0.6236187146454445,0.6771924633257292,-0.12258796786486963,-0.9872748039147329,0.13278330763072835,0.03617845917453634,-0.8053404900110421,-0.35085480008669434,-0.1591126528647258
rh_S_suborbital_thickness,0.36047444229968334,-0.04496635656775469,-0.28390861512975024,0.3674402577264017,0.4310649831276482,0.5673389239779562,0.3143949484259614,0.005965019427478135,1.305467150213686,0.8222465141416081,0.3616668358323276,-0.18767399507758487,-0.3383310589940333,0.17164642180657977,-0.6703484772677608,0.591392305385615,1.1306580125575116,-0.36810028735567485,0.8188355325217287,0.7403154943461068,-1.5081109959138075
rh_S_subparietal_thickness,0.0891874831529697,0.066763445314803,-0.1965450868839732,-0.030923684948909288,0.24954543032126955,-0.14571312558446797,-0.11757654507295973,-0.12252938222652038,0.28919027516646567,-0.12569654568514982,0.3035061704882748,0.43107566071420855,-0.2098394901750806,-0.05660485316535215,-0.20413266793799417,-0.5859006708516684,0.37657649039834284,0.05802177099595865,-0.5929131540669538,-0.37091784693742214,-0.30088549462166875
rh_S_temporal_inf_thickness,0.9120810125328813,-0.33670496535724,-0.36083378382555115,0.39847802653518827,-0.014847219874317035,-0.3951307586365775,0.19040768122204452,-0.09166980495093134,0.3518370343132559,0.1505725388492421,0.36624058232251233,-0.14354619457764758,0.48090842310043286,-0.4998882047791014,0.23927925242597822,0.1029292256717822,0.29036152888348143,0.2072772990401115,-0.04132124214139232,0.06531634789026355,0.3182462107114585
rh_S_temporal_sup_thickness,0.5049400459964664,-0.10067634091278081,-0.14513932562897744,0.06282808948831738,0.049045014588134,-0.46759861066547664,0.04728620043249787,-0.16589348983320004,-0.17258886605428334,-0.17934140336216334,-0.12231800242237903,-0.11706140788598257,0.3873743268550793,-0.39892211274848577,0.16061944325373373,-0.08977241741318749,-0.2295439296303755,0.13399649050462337,-0.4366527651850361,-0.32348729526697434,0.37700563266150544
rh_S_temporal_transverse_thickness,0.10355026740078532,0.14686010565571006,0.9229189687773842,-0.8823848454395641,-1.008444917450725,-0.5254188415175642,-0.3772471092881812,-0.05293723462333065,-1.5220013735555726,-0.674747302129454,-0.6830635161047038,0.7623534212441325,0.7687482987035283,0.1742270649511174,0.3909504476905773,1.5100225475451747,-0.9169317107586339,0.7609445400276774,0.9686451625823066,0.5814408270226917,1.2854190055061332
