,ni1-5HT1a,ni2-5HT1b,ni3-5HT2a,ni4-5HT4,ni5-5HT6,ni6-5HTT,ni7-A4B2,ni8-CB1,ni9-CBF,ni10-CMRglu,ni11-COX1,ni12-D1,ni13-D2,ni14-DAT,ni15-FDOPA,ni16-GABAa,ni17-GI,ni18-H3,ni19-HDAC,ni20-M1,ni21-mGluR5,ni22-MU,ni23-NET,ni24-NMDA,ni25-SV2A,ni26-TSPO,ni27-VAChT,ce1-Ex1,ce2-Ex2,ce3-Ex3,ce4-Ex4,ce5-Ex5,ce6-Ex6,ce7-Ex7,ce8-Ex8,ce9-In1,ce10-In2,ce11-In3,ce12-In4,ce13-In5,ce14-In6,ce15-In7,ce16-In8,ce17-Astro,ce18-Endo,ce19-Micro,ce20-OPC,ce21-Oligo,mr1-myelin
lh_bankssts,-0.014571545379502433,-0.6538082346586245,-0.14515219557852968,0.09206510737301811,0.4630421113873285,-0.4530061466826333,-0.5467551828376831,-0.15922361352140937,-0.7215810418128967,-0.38629664953738924,-0.254915852690973,-0.03976652558360781,0.5163936756906056,-0.0285123030817698,0.4772336570516465,-0.5698619547580915,-0.29500538063427756,-0.7814068543532539,-0.5973920715706689,-0.16246783449536278,0.04429614898704347,0.1707284767476339,-0.505978609775267,0.14898603581010347,-0.39878625316279276,-0.1905661705467436,-0.08980464675123728,0.37114965326319077,-0.216592554092447,-0.22446520482611845,0.05415955116141214,0.17354340781752073,-0.36951179537340506,0.061319826636440256,-0.16971102940403357,-0.07622819030885317,-0.29209078522184145,-0.17949489790409134,-0.2890581513331289,0.29936186855910374,-0.46519363608669473,0.11536143040826183,-0.005555790814228232,-0.2569084632926666,0.05339482338778418,-0.3812361124016615,-0.3100966767250055,0.4405868807412258,-0.13374455119047612
lh_caudalanteriorcingulate,-0.42771691973529646,0.25674985504862086,-0.4358863770516951,-0.5399060596281023,-0.2478829727355224,-0.23164557721187817,0.5615992546081543,0.6113828011413118,-0.1921901266966293,-0.7399093446446888,-0.33348670290477234,0.5194159132331165,-0.2796751400872843,0.3729654915297209,1.1543631322348296,0.28123511574161586,-0.07254881901082708,1.525219481382797,-0.2468550442926475,-0.23287700772730277,0.6779830687081636,1.1320235800387255,0.21030809385563012,-0.25228247824889516,0.34369829519471123,0.7974172385770883,1.9507099318860182,0.12077268755812462,0.38335126125857677,-0.6519367315824532,0.4073735287332902,0.4808833199643635,0.8342905136582743,0.5693545394919471,0.3262438065412808,1.6938518401439235,0.47213706709483055,0.511092062443384,0.12574606623944673,-0.3316040695196379,0.32540013228805387,-0.14176431937062037,0.12334104398091518,1.000568532529908,0.21136165207380916,0.06096668040429791,0.3571725438459474,0.03542563018632905,-1.3225172925373152
lh_caudalmiddlefrontal,-0.6996608764447015,0.6899809022755201,-0.6191887048811748,-0.7836152805850424,0.12343164501262122,-0.8516962393989851,0.6646029510503185,-0.12946538623936218,0.4201469466347119,0.9111959481419161,-0.4319527591096944,-0.4951994047211162,-0.6518853229695353,-0.5740912857882935,-0.14301513597883028,-0.8526631377894303,1.7953903718755162,-0.1688514835490235,0.40977954594739546,-0.7543690096715401,-0.07496665161231468,0.6181418309951651,-0.0569193361262823,0.07296043647260501,-1.2599539736221577,-0.5688441015523056,-0.08933521813616671,-0.0750265133920092,0.4246914983513253,0.011032188462192415,-0.01049278511834764,0.11035298343673446,-0.13222483412961505,0.1496781731731822,0.07879912632284265,0.22779359835426563,-0.14786591901433227,-0.06176904722876791,0.0953630410949885,-0.2012455065918112,0.406760974959857,-0.10367303658728805,-0.19676674523749427,0.015650986918922357,0.04854268223941663,-0.025201294703001118,-0.013225438731173832,0.04739608745512253,-0.3207765406465511
lh_cuneus,-0.933813657246384,1.1986078506006914,0.06798015228089163,-0.44167599801485447,0.8461570209805288,0.1836145061488245,-0.6791527712461995,-1.1286429020704007,1.121584002585972,0.9729403228152032,3.0759054165260467,-0.03703161014937884,-0.8502832072622636,-0.36535492831585453,-0.30253350851582544,1.8276748465848904,-0.5484909076316683,-0.2776509028877698,0.8361724607792556,0.9960140784581503,0.10786427480771262,-1.8113517901476692,0.3718939683600968,-0.06337261053861354,0.728314110753583,-0.581185140153941,-1.1801015080190171,-0.684058661049962,-0.021532864768276736,1.220324691562657,-0.458166682445012,-0.49362349021053503,-0.3331154749093145,-0.6492321306851061,-0.3513464104851616,-1.473976277412379,-0.25778709159492535,-0.21092249828236576,0.16144420101104387,-0.06436577061258944,-0.27295073046656365,0.17155988029689437,-0.017614391561064483,-0.7036628939039088,-0.15867300475473367,-0.9155413845952317,-0.7123669885289251,0.04823240729253726,1.2878142725490203
lh_entorhinal,1.7019068598747253,-2.6467418298125267,-0.7667616680264473,0.5195550294592977,-2.891118086874485,1.6814555376768112,-1.8681053519248962,-0.7345426604151725,-1.6862049847841263,-2.473660245537758,-0.9278431013226509,-1.4192332765087483,0.6184333087876439,0.53584601636976,0.7150759175419807,-2.30654339492321,-1.0344043113291264,-0.8964381404221058,-2.6537886038422585,-2.1680180025286973,-2.3708738833665848,-0.40342188253998756,-1.964024044573307,-3.1161373890936375,-1.8328526075929403,0.9845081008970737,-0.9643186926841736,0.2884308886253734,-0.6210114945682813,-1.217134915140266,-0.20422760952608474,-0.45574391654810714,0.8098210367626711,0.6902266601607323,-0.04664644851002595,0.859444491003856,0.28555047404871664,0.02503946305770131,-0.3135667289098556,-0.8048949769795981,-0.7914001743896657,0.05232744921760175,0.01618085923320975,1.0636246505568285,0.25199460033786764,1.4230043866274071,0.9797165431007788,-0.11433052989552689,-0.06545695937499987
lh_fusiform,0.8116025707938455,-1.1854409646097717,0.6227560627770115,0.7402443873708124,-0.16792475129780057,0.34873789519845666,-0.6211278573549414,0.13955505279364525,-0.8442475266464344,-0.8110412944156629,0.07629278447333868,0.2441647939577505,0.5688812029729415,0.3400609717256837,0.4875770395065283,-0.41642282346819903,-0.8833997810815836,-0.7884618122275774,-0.6898852954437207,-0.31483012510391023,-0.43705165522269807,-0.3906553339019611,-0.6488745286093129,-0.2955996163382933,0.28270756429085486,0.7937191031849036,-0.9281544940812247,0.63410944873384,-0.5080259834330776,-0.08779937156983189,0.019815743955696,-0.1384807600868299,-0.32582062331671346,0.08643445680009508,-0.32102488957465153,-0.041157555676028926,-0.10052197799434988,0.08623472930353712,-0.12932063045993664,0.15296050402807065,-0.41073371413690907,0.2450514645178772,-0.05736022997315914,-0.1512623584585258,-0.10316657263630863,-0.24237972902490942,-0.19960126432656072,-0.08374907211957326,-0.09960023311688318
lh_inferiorparietal,-0.5298225032396553,0.006895471826072572,-0.4417212924127244,-0.31953947707791314,0.557071660976272,-0.7655100829221986,0.3538002889942039,0.09810580029960504,-0.4246052824545744,0.2556567027056513,-0.03405619215620451,-0.5299818160489571,0.06842443876522632,-0.652517368108773,-0.5427126603832176,-0.35439488107015277,0.5917715862516529,-0.5460678713996548,-0.019062717591435456,0.4458484501878092,0.023410175857711428,-0.1579909655919745,0.09899535244099858,-0.08517907917006942,0.19959735476281032,-0.5565076609380728,-0.5845529707995328,0.07498330279427878,0.0034448213763455834,0.1547250331470407,0.025586694057353403,-0.11659742889157393,-0.4492204089920144,-0.02572269649252488,-0.2312692904839949,-0.6232544353369222,-0.10320321314526516,-0.14010784952401614,0.057525016675826594,0.14529233268121688,-0.21031894369848544,-0.03998670125639291,-0.15412677259566154,-0.27965593267367933,-0.13674149292878843,-0.3708081870026419,-0.2724845704288909,0.023932720668514196,0.012603410557851254
lh_inferiortemporal,1.19230455753988,-0.9049652541860443,1.030924971115765,1.3070571392884553,0.4872944021934293,-0.11717107096116482,-1.0285737919191593,0.24093577122776272,-1.2757923642647662,-0.9730288988989657,-0.4707875968441642,0.07175397806941802,1.3091717225008015,0.04785281298785192,0.6998553311252946,-0.8765243562385165,-0.06163148807423581,-1.0459179917824664,-0.23399636270375268,0.08939749557813595,-0.2333404715980551,0.4004379430806395,-0.7943948182892535,0.0473619787043091,0.014421949541106874,0.13653882870594955,-0.7462021279598954,0.6896469885094035,-0.5272157861670999,-0.49437876439904543,0.3624763387772115,0.2755433175561263,-0.14937457083749647,0.2385452536512654,-0.14102959108863433,0.2680066834902435,0.02954475596618982,0.28425339102588554,-0.3650162242188281,0.1273056806606211,-0.5308343997966664,0.1500027805528188,0.030067320220492546,0.24659042597816802,-0.16325403422901125,0.015280986673383741,0.05615076471575476,-0.24004544895039112,-0.7383986209963079
lh_isthmuscingulate,-0.7281379711821796,-0.6882929006000844,-0.29973099650285107,-0.4623865699774124,-1.023948174666583,-0.08786490910906132,-1.4515214615721044,-1.266322447153611,0.25264665484428406,0.2763996003119926,0.009214558615917138,0.2759162955652408,-1.1444418931879647,0.0391279883622154,0.09212232266015154,0.4824626852826374,0.23514766591351213,-0.5829575755974141,-0.7542177152827503,-0.704440631093533,-0.45275933180398087,-0.8318014706568262,-1.168638591117006,-0.4555804249716968,-0.5446368023607411,0.42989619851596955,-0.3151622579349735,-0.3719229374739521,0.06081464231404487,0.1801696243592409,0.029100610445005247,-0.0068794191283963815,0.31916445655044673,0.008247372699817932,-0.15184637358453276,0.05672400268585467,0.15537027840535386,0.2832833363265438,0.11171144789870775,-0.27227821054469425,-0.07087331779979203,-0.06748884327071351,-0.25425730369217225,-0.06652271308815559,-0.15109643648131865,-0.26007736218035926,-0.20293486735693178,-0.2198405266238097,0.6622148952357719
lh_lateraloccipital,-1.0048569198792356,0.43347188119355795,-0.7615784980205412,-0.9406634674816473,0.19058192527006726,-0.7633688204028279,-0.21886404414618682,-0.5251191960373506,-0.5500939138952246,0.08875968893469893,1.5347284699133055,-1.1558937660328628,-0.6268046757461607,-0.6984331361609062,-0.877157942670856,0.07712293556196435,-0.0099995644942758,-0.8281191203194826,0.5635459205220799,0.4122062171171159,-1.0386558307457696,-1.5522716646342714,0.24052738248923708,-0.6201341728571103,0.14288543323574937,-1.3034640043066237,-1.0476903300448723,-0.4740391710749241,-0.15487237241846868,1.1175932730154525,-0.5266317900067421,-0.5740484848067446,-0.29278842615234313,-0.7240953246566314,-0.20980944361577547,-1.5645194548765071,-0.2501451358195609,-0.1677350502568418,0.33793326105865595,-0.031224057502204708,-0.23716427335496387,0.26712879482792273,0.12011749547093518,-0.4241263606815662,-0.08268824387180697,-0.5634801861493554,-0.4641783259290131,-0.12708116083554952,0.9203552595177644
lh_lateralorbitofrontal,0.7240163433974185,0.03361463582685848,0.9904193095276206,0.774705479698857,-0.11964020982208681,0.5933499970422016,-0.4141116202112258,0.3538327999706343,-0.015614129602909085,-0.037851079154436966,-0.20887427154459118,0.6188175463755652,0.2803711512632023,0.48336510389573933,-0.026274285345213647,-0.13439848436057333,0.9319341060683484,0.17402414882218276,-0.19204134731663494,-0.5600797232445769,-0.3915625877502396,0.9375845818069037,-0.9143110963068609,0.7905932587432111,-0.6046739122060341,1.0476124455609659,0.12552277733549827,0.04335861977110041,0.22250043335829597,-0.15787914710439505,0.3098540702919092,0.3855783112474068,0.0350526329621687,0.21952034684672184,0.126531237136272,0.863950399038849,0.22410478296974906,0.049228321275193276,-0.3515510506753567,0.2661798953464112,0.10154133550934545,-0.055431627408023716,0.4273488132593721,0.04759959825779534,-0.09171910574635363,0.19873372825312421,0.14893224603571778,-0.09574278048354068,-0.6742577296850377
lh_lingual,-0.4882156906663909,0.008649266620939093,0.37913252528785735,-0.25357740978861965,-1.011828838306111,0.4216792430988578,-1.760385624024757,-1.3088431159655254,0.8147144369607748,0.49221569992775127,1.8127686145693758,0.3672560164055159,-0.8581883596588474,0.05709132927563764,-0.033443817045799525,1.1857119027611822,-1.3051048748252927,-0.9540715880634248,0.2865046692448993,-0.6317659548317739,-0.872344675892603,-1.761720214934312,-1.0487613121206447,-0.18622169978627862,-0.261063163401559,0.5595758414083674,-1.3311511825683504,-0.6106232544196531,-0.4347335010378933,1.124973047424578,-0.628340793823478,-0.7258004941270845,-0.11192636912726549,-0.7593394434517436,-0.420267118962033,-1.174026793909357,-0.2858479292628092,-0.17900905936606626,0.2942079299252758,-0.3271556536450657,-0.2668611082095564,0.3550682818661568,0.1601816654443167,-0.8444977622402969,-0.33738175555813493,-0.6157821137166323,-0.5987762886331105,-0.34657728363184137,1.0813956697286788
lh_medialorbitofrontal,0.2541730846119981,0.13218621715117676,0.10990072766534326,0.12559556241343622,-0.22518345526083797,-0.03834433332845873,-0.29346754559043314,1.1546640665758223,0.3104267108703957,-0.01836586302640488,-0.6378460896461189,1.5678533811350257,0.18162834388362306,0.36438987774102866,0.42087963446467913,0.1735900206884154,0.44416078002679915,1.5898436007856511,0.2714503220326844,0.5731061195612562,0.6940074652230659,1.2632922895100651,-0.8222894264119012,0.4927302216287373,0.9012682508221086,0.8784561876942512,0.22767396438486723,0.29788203542757286,0.05221058682843222,-0.4494208489067432,0.39511511513625897,0.5956030288848865,0.2902310707138688,0.5296880129320293,-0.031974774563739754,1.0516414458244159,0.38123556141498394,0.1950559319200404,-0.517307931883914,-0.052629849733948075,0.14026495463581035,-0.29430144492257204,0.5045905809843262,0.4619533297939443,-0.4633809805988547,0.4730445297188849,0.43446021539586016,-0.8597494792236687,-0.9308009740136046
lh_middletemporal,0.5314209416610043,-0.345830310871001,0.46885805741763437,0.7127143851399016,1.0268847391921647,-0.4142169791216753,-0.556433474733716,0.3437805846840346,-1.090057758855171,-0.6414362120182335,-0.49756636328640436,-0.11799940436470266,1.1847786418840187,-0.3105840682476556,0.4316862144437777,-0.35843498639914456,0.05673022086725754,-0.7362819415371434,-0.13745139377052282,0.2579011643926303,0.27150355038695595,0.4359323513649759,-0.2851247021130153,0.10928365774452684,-0.0069670146014414675,0.27930693612212226,-0.33606186275984967,0.38449795068758585,-0.24759992474020526,-0.3166984629152348,0.29873578461553446,0.3011282135485322,-0.30551643587985755,0.10975885291500216,-0.1549849287118161,0.03045724086608378,-0.11346683702230778,0.05109827035258471,-0.30750976925137086,0.22274215511357057,-0.42657536634605153,0.11135792415127833,-0.02645453545989095,-0.0656740917295141,-0.12818431694303373,-0.20769369534216747,-0.1325206625235714,-0.036464407074293395,-0.4879290735034021
lh_parahippocampal,1.1391326534413846,-2.1320567674168918,-0.4174720235517092,0.37908608626539464,-2.1675970220120155,1.2781483143846566,-1.405417477416101,-0.7727723996215891,-1.1851990785554192,-1.7873964070159698,-0.23922669998953275,-0.8415630990378209,0.2970117106337414,0.5302644755308316,0.2714558551523173,-1.3940721044195032,-1.0868077762773103,-0.8630506056491459,-2.115113349439942,-1.6158511973221168,-1.7087630284689015,-0.7994339521800247,-1.4485454517547216,-2.3753143348426464,-1.136959420509471,0.5994706944884541,-0.9815319375457051,0.2758885597001512,-0.6214821791947855,-0.7551950725786057,-0.18802249440659793,-0.43461550096982254,0.4771278207340206,0.40305483534046993,-0.27493993173964193,0.5737954300916794,0.06369134072335476,-0.019727229977675485,-0.21508621461480218,-0.5456883738049922,-0.7371642539957589,0.16165323327240197,-0.12413215166020093,0.47833784171868493,0.04225445465722855,0.6980615821559921,0.4593217760478086,-0.16373038206475146,0.2559391839252337
lh_paracentral,-0.5517849360341922,-0.49964734700580055,-0.6319925240599192,-0.7030108084615605,-0.6827473463848807,-0.31300150001278293,-0.3912771140726713,-0.15203214021256337,0.12491318046186979,0.06961885094642639,-0.9571647928454555,-1.0354768126629865,-0.9866058580004252,-0.9603576138615608,-0.6879452425413407,-0.41538600272570664,0.5472285471713314,0.3839141475753142,-0.37923587450327784,-0.25930694301720136,-0.14864057717988122,-0.17238952506047028,1.3013158374680922,-0.37475960082016313,0.019871463005144436,-0.8205419793151892,0.8040933217674208,-0.33543693517881135,0.0915544902575994,-0.2517189891149687,-0.10617504348680916,-0.012255200313618262,0.33160561557464135,0.003136878673608961,0.09683887683788293,0.15654034049283802,0.05709199734605831,0.08492584801919886,0.2641835836449679,-0.28266279065354377,0.4029782897411154,-0.2194486958284307,-0.6057206867242593,0.18900210535196096,0.02759210414861041,-0.24311942136652928,-0.08793098724509398,0.05348658975702709,0.4300256129326928
lh_parsopercularis,0.26435565487455925,0.7582731300254882,0.5399010428407575,0.34517634643540196,0.5895115973541091,-0.0273448934788862,0.39641646974982475,0.23778621992353577,0.7535933364820744,0.6191447561617056,-0.3084258712128381,0.02622914141383619,0.06562643107129723,0.25388061222285857,0.36256666823408634,0.3183116055819211,0.8626303811099648,0.17741867570587286,0.14047299942917588,-0.1747400932919584,1.064148956734831,0.7427058644716252,-0.044089937736974893,0.7172667845178046,-0.35617201400725224,0.25274143528543125,0.7975380539235489,-0.0004510679149697257,0.13004945245920624,-0.08425158777905488,0.19515941819279103,0.2792780337052631,0.24905877043627755,0.060977043511809575,0.29850676893493844,0.43658694749443916,-0.16017434051623589,-0.1388491208067256,-0.18202047444816613,-0.04457038676928983,0.2704879802928027,0.04297503735010382,-0.02901913829591323,-0.2752968233953517,-0.00374654895212615,0.18572444900780818,0.13550846867558125,0.002788121860871837,-0.353100342707183
lh_parsorbitalis,0.789055276129927,0.3006251474809168,1.358267214415329,1.057831624256713,0.11550247323300157,0.5852939804483738,-0.03378051492784704,0.689682736992836,-5.364371463655967e-05,0.1409424106989588,-0.30788464820943773,0.5163832590083725,0.11094375023718125,-0.15795217960008553,-0.5877450442806419,0.14955067900674685,1.0645058708531516,0.2775797700243337,0.19463815347158483,-0.1125625278800726,-0.2713575858090605,0.8811208765421595,-0.5610981737928731,0.3848751615732908,-0.06417949125170706,1.2600216014044625,0.14456699096730777,-0.09999146265549075,0.050070130260050215,-0.08503818330675346,0.291013002911576,0.40591220427236113,-0.004656750181317408,0.21689600055747243,-0.12012416256008485,0.6795719962062823,0.2507515322670467,0.0051280056580677285,-0.3137277975292137,0.18312491569204994,0.23750258661354354,-0.12751639210072396,0.1995787252029883,-0.2211425679533907,-0.3111249720826051,0.38655237990272473,0.23995505003320394,-0.5114889316662607,-0.680060792142857
lh_parstriangularis,-0.12393292433362667,0.7722421918458086,0.0737314126113566,-0.10825641047421511,0.6174128106151654,-0.11809376596919888,0.6240970219780759,0.1994462623828795,0.2613707430721299,0.4705450171377601,0.0843426896698349,-0.17018880822309634,0.027136830806096152,0.19567928323900796,0.41029446072709874,0.005784170399230674,1.2668727217166404,-0.21429304721030762,-0.2467353714372569,-0.3903554100391826,0.422043323759141,0.6104956656936708,0.037041408501989476,0.3251823311656471,-0.48888174547412533,0.6874463606656083,0.49208152875667666,-0.206545146283369,0.24134698904713753,0.179632960182831,0.3587390834651866,0.5063024573716277,0.3560112514703522,0.18696228948220392,0.44863832767171774,0.6475460440463451,0.14457567807820718,-0.0919657000001502,-0.24884039806972746,0.18117330172880247,0.3537138723822081,0.14862724575578468,0.03830357051090293,-0.08399024331987809,0.06708943846104601,0.16063741432625273,0.1508569590982023,0.12592958918528604,-0.29530444804878053
lh_pericalcarine,-0.743106103980023,1.1913230236457741,0.5226614471362985,-0.28920542771077673,-0.20657848378886348,0.6601404799067456,-1.3528362513884253,-1.6927738324455592,0.7505970472874849,0.49796317141989,2.1761482829632968,0.1132912556114404,-1.1210653714511705,-0.12785392682189528,-0.3388374528159266,1.7677319091299306,-1.193504105184389,-0.7022776066285112,0.029711613188619198,0.12714530981105307,-0.764043250064487,-1.91153186507847,-0.5714312369408815,-0.4707089284191961,0.049222103903151064,-0.2378459263107051,-1.0775022304576376,-0.9011082495769631,-0.12941592835039062,1.0909566953651642,-0.6181207020633352,-0.6612762449025132,-0.0029005073980209357,-0.5444104936397914,-0.2402650610743609,-1.2189310304770178,-0.31747412268868463,-0.24212144731851024,0.23567972044698973,-0.20565680042350198,-0.2597766973557091,0.2261086905963121,0.1742106770874683,-0.7635532684788424,-0.147098920599636,-0.7008404025857697,-0.6132258758678849,0.15958928916529558,1.3077445452173904
lh_postcentral,-0.7587411852975517,-0.18162143047664195,-0.9905249721654635,-0.9662719047493484,-0.4653384683612461,-0.5628425930031723,-0.0023957060005839474,-0.20173748822492474,-0.09351673727978839,0.04193100821880506,-0.05343136820923124,-1.5896453913269497,-0.6102567785998626,-0.8226739806353132,-0.9009182491741148,-0.8918098133990265,0.04615669007678047,-0.3771252145886015,-0.3571132471883317,-0.2803687796986692,-0.38118453082680903,-0.6162410542445045,1.3855763339204317,-0.5569509415549354,-0.37676047628945347,-0.948398552149585,0.5853378616695434,-0.4212946518128676,-0.15360545036434756,0.4059848650274818,-0.39177816980490354,-0.35154066912652054,-0.050672065891668415,-0.39499649842038687,-0.03926693588911815,-0.9683381584246361,-0.10273165541924426,-0.25757353483625595,0.24577794474668746,-0.13858494587576237,0.3926931896062151,0.10492449214981496,-0.2945635363731815,-0.29695792762876216,0.0420001359296794,0.09685518042721909,-0.05799010079186743,0.2526656718199594,0.9128546379386699
lh_posteriorcingulate,-0.8369364420572917,-0.5230415082640119,-0.9959732584862245,-0.9712899506402513,-0.6278796292220553,-0.45061739426520137,0.08829385505782233,-0.010603004859553473,-0.4103778754671415,-0.606019680119223,-0.29551847502589224,0.36543862256738874,-0.8452315071390735,0.3654715282221635,0.4909057774477535,0.38720909381906193,-0.019256222868959068,0.5008906268411213,-0.49544981196522714,-0.389990947685308,0.42997270623842876,0.3030478325155046,0.2971757102343771,-0.7172589135666688,-0.004203123749337282,0.4600196010536618,1.857500872678227,0.04572827677127125,0.16218060811224727,-0.3173791635432692,0.20489792745602853,0.2849983218314983,0.5285924891002909,0.30379995592773745,0.09170342130375543,0.9950427803311948,0.2627151999615628,0.36641660393974645,0.18966343367565258,-0.24437667179210965,0.26915207105619027,-0.15871342280235815,-0.40633944092236957,0.3724461993850363,-0.055838308436496065,-0.17585469262686895,0.0005392885543842809,-0.3351220367050262,-0.5542008435222228
lh_precentral,-0.552396606295197,0.05003456871818613,-0.4894478826169614,-0.6774349738933422,-0.5464415939428188,-0.4707351995839013,0.2806881974251182,-0.5731409359530166,0.24602608700593312,0.4252998188910661,-0.30991113044597485,-1.4658106211379722,-0.8769374675883187,-0.7000026064890402,-0.685430631240209,-1.2215805885361302,0.6095286407956371,-0.30517486341573574,-0.16248229803862396,-0.9714669582578871,-0.5734047064957796,-0.30472363666251856,1.0311891641219457,-0.023034078390509995,-1.1449782573735272,-0.7689600190409908,0.9151049850605152,-0.4134516319807683,-0.14106164636985027,0.0005537742677501476,-0.4896269006966059,-0.2160857805351949,0.23196826882022673,-0.14681191236877233,0.18992662304031444,-0.3236086613746974,-0.23707782808588587,-0.25554154455228917,0.24584124138615826,-0.3244746455200711,0.5600646053387401,0.20906323069857716,-0.6397033264927486,-0.11575107060594104,0.35712495020232843,-0.059449747584157074,-0.03767125556877952,0.5525665841358117,0.9136618730074019
lh_precuneus,-0.4388754234365795,-0.008129698945128395,0.12357589942605599,0.0713564613915008,0.5098863286978524,-0.1684123780740344,-0.1237762604718623,-0.19755950732885497,0.666844139377708,0.8498417517737202,0.11412857544162999,0.377535497461972,-0.5499333797589593,-0.29683572720412327,0.1348158360661372,0.8293887895329491,0.44591790505725404,0.13280019918861596,0.22606678916060408,0.6781026086162614,0.7681205077015836,-0.377051063420494,0.26279363369812136,0.48506552855605667,0.9031076767522356,0.03254993495571872,-0.352104108489078,-0.02155610386939859,0.12392469845458493,0.20705260454316585,-0.04566067087584388,0.047244190584484404,-0.1389214037191745,-0.17954156425834328,-0.23265597885449132,-0.2279090456328129,-0.12412493754074029,0.08085104989763212,0.21197883534434478,-0.14812357651740501,-0.1294572272919555,-0.20897342539376698,-0.2761842860428688,-0.06751768704977591,-0.24210790137556182,-0.7115244809589831,-0.4726726781201616,-0.38682257735036224,0.19044242836086978
lh_rostralanteriorcingulate,-0.01212830861409508,0.5871273493766784,-0.17085960308710735,-0.16198973973592123,0.5451995372772217,-0.08967704296112061,0.15776726563771562,1.1536754687627155,0.24013055016597112,-0.3926419107119242,-0.1729158778985341,1.2159534009297688,0.24624357064565022,0.5322801129023234,1.6949477736155192,0.5133412268261115,0.42031031370162963,2.1980743153889972,-0.1945691004395485,0.33262855490048726,1.2155146479606629,1.5097332827250163,-0.21491850773493446,-0.03796181281407676,0.7840566855172316,1.1055065393447876,0.6704038031895956,-0.2126516425175523,0.25250326711268706,-0.9782976413945884,0.4262184059868834,0.557589125831829,0.9013028780226765,0.5007440868614182,0.1739530172903257,1.1535074622849242,0.6970321664380625,0.3321896622183388,-0.4640326829974611,-0.3894402855045713,0.3035891323152061,-0.43212307806834055,0.04450030489980219,1.0116008748269087,-0.10718572076254214,0.4037677879135181,0.44436110712838855,-0.4537089353173849,-1.3383752933333308
lh_rostralmiddlefrontal,-0.6038707620069638,0.8382021116972822,-0.5798653373336893,-0.6670966227933511,0.28766974866769074,-0.7668034137794906,0.5041621028587727,0.2866009451385777,0.390202905272402,0.8801022586175951,-0.26971522352453003,-0.08373952925331511,-0.4089230005520838,-0.5819854873658742,-0.27194927377089606,-0.8030416435735711,1.7742329517663535,-0.14457895114260202,0.703660088512352,-0.569888495445504,-0.14442188014923515,0.780684167424501,-0.052316723833397284,-0.13426434261313938,-1.125282364029248,-0.2292811688098867,-0.20126053567786337,-0.012407895654866892,0.5057719886857943,-0.057342837550480336,0.12071791628597589,0.09147787705062663,-0.22929976494189014,0.11294895905045839,0.01827376963570676,0.3839224041005202,0.05332098385506287,0.03085476635505488,0.19655019709622287,-0.07199125409049412,0.3874796761237362,-0.1871325971789379,0.0013032737326366913,0.19380244319235101,0.05281611311502931,0.059661214857504745,0.035053021116337874,0.0022600063018025623,-0.5377174402966105
lh_superiorfrontal,-0.17822582140191898,0.3903212007306938,0.15515073429061804,-0.15321550346488852,0.0013519505306351838,-0.41869926220726356,0.43842705883998645,0.2770377008025982,0.2393225168757759,0.26298877388749353,-1.0605805932258272,-0.48233580724759534,-0.5451378551396456,-0.8719307517581306,-0.3790397432992267,-0.25477900739872095,1.1652950603068268,0.9857562511118818,0.24864682810177366,-0.18983051177894644,0.15957772880988944,0.7653813247565224,0.18618603045800614,0.04731296754794315,-0.12448290768858629,-0.49936498589666467,0.4198348350008172,-0.11019689316377908,0.4531013321530329,-0.18135762611477482,0.25346380858252116,0.387732440084732,0.34389749136730535,0.3801567318453783,0.1717850785253554,0.6265331686671504,0.16206868664076318,0.08532457936808736,-0.07579673497022177,-0.3381407361181144,0.42456333053909484,-0.12125872198559945,-0.18224394459659318,0.4113161650498796,-0.052080619262845414,-0.09338560865715544,0.11165708322408356,-0.1461036732134908,-0.5907098572595569
lh_superiorparietal,-0.9990186209685975,-0.3084002700412557,-1.0272109014555788,-0.9645002340488765,-0.010776926696117392,-0.9489009721167443,-0.11759114038834374,-0.5183380380295755,-0.10254584360415668,0.502847234648402,0.05835913384931245,-0.9366523490477634,-0.655891615674243,-1.054315558135418,-0.7815631350156166,-0.7985183517641735,0.6479856541921054,-0.6039238272552392,-0.2804869944186804,0.12618797462427855,-0.3745570518705885,-0.5680312578167234,0.24653289413305654,-0.49796955669713644,-0.03229705845156024,-1.4093308123987391,-0.7692163667874768,-0.13647452971751955,0.009542307715620679,0.4067856819833812,-0.20406898290546815,-0.27037427581454093,-0.515899133673776,-0.30262059614703835,-0.33766138493635783,-0.8824652623658543,-0.11113968887116542,-0.15199052449751563,0.22191487048129135,-0.08522427475779486,0.02812543002394345,-0.256201782395532,-0.16912228166469415,-0.07849916999257987,-0.303310476543669,-0.3721728706555105,-0.3078818060900352,-0.25948427595225093,0.2953011957388643
lh_superiortemporal,0.854554103308134,-0.6281042185304392,0.8172461984856096,1.1041882643686836,0.38889245712514375,0.8015588041883788,-0.45628540529722,0.36785794025902296,-0.733838065152322,-0.8788713432207906,-0.36938987127863443,-0.34629506182886355,0.9456747074472419,-0.04475131044290722,0.3062951004141057,-0.3741903954366753,-0.7629794777451058,-0.0525141964198777,-0.47123283484942236,0.052314155136669115,0.1215645837433198,0.11026199074352488,-0.08853232752683475,0.3638013589082126,-0.2546584134188173,0.27600919548000685,0.5632702488287845,0.4617579056444075,-0.24176517781434972,-0.12028864186875214,0.04513027783282861,0.14754733605950052,-0.26041290309329346,-0.01182298214668838,-0.07197895875969378,-0.0213368204567165,-0.0697184646490063,-0.02101866082251941,-0.16342144111038664,0.26318918256772184,-0.29278912581566535,0.042023445103031645,0.04106438078314094,-0.20937338943128378,-0.1597500784429729,0.022174495473089126,-0.016181988511572435,-0.08775781193380734,-0.008360833710407215
lh_supramarginal,-0.43499529933798686,0.05086396087022325,-0.41501787866055423,-0.2568266131392454,0.4422795195881638,-0.5455692286247309,0.4842594981983549,0.5622009189298863,-0.04897012287100447,0.04358833896122205,-0.09602998079939777,-0.594058263345436,0.15649362485957974,-0.6359771085286707,-0.5406671701990055,-0.34338257275181233,0.16926007148838676,-0.17050759259175502,0.0013099310602958628,0.43985352236130554,0.5861858789837993,0.27694815356400154,0.6030375440988069,-0.02089721195985456,0.2792311643660613,-0.3755433130770976,-0.0513581897079318,0.12128922220731142,-0.09008209427169771,0.017566660122417876,0.06077483181936768,-0.11641326399948232,-0.4519181044152287,-0.16825737036035607,-0.24773186735836172,-0.7309830903513501,-0.052787856112691094,-0.06597866991851829,-0.06820502006424564,0.026571875273227935,-0.039383885049921366,-0.16949700873065343,-0.3233587439786569,-0.1577270186798265,-0.20762773588203284,-0.08305531792575771,-0.13811721912367747,-0.1444565597287928,-0.09310988566361927
lh_frontalpole,0.4825131851765845,0.6323998897439904,0.9082114696502686,0.7007451636923684,-0.08761073648929593,-0.06744005986385876,0.13880232638782924,1.1300589707162645,-0.3402152802381251,0.28007423505187035,-0.8694221435321702,0.18648193942175972,-0.21343667370577654,-1.3320574884613354,-2.4779953923490314,-0.5539268507725663,1.3202029648754332,0.2793026599619124,1.317535291115443,0.34512560566266376,-0.5411577241288291,0.772614147928026,-0.6237135877211889,-1.7377136382791731,-0.1998997297551897,0.03830258713828193,-0.41696841000682777,0.07972691146420262,0.623890843572449,0.050968718410498194,-0.0732518295415127,-0.32642965128337037,-0.46144969784388046,0.09189819903259468,-0.0922748799034615,0.37946753822454454,0.11076399448537655,-0.07951745277787323,0.045854218625180417,0.024009330478793833,0.02753661480134679,0.03380885085558722,0.46925019997170925,0.4423725628939961,0.07516349640710374,0.13991835805894143,0.13560243581466927,0.14714123344426888,-0.7951368011111113
lh_temporalpole,2.8975559036906176,-1.7451691191370895,0.7227258275194866,1.748886710259972,-0.5738115514197001,1.8379406812714367,-2.1134643670989246,1.1631617778685035,-2.512131295553068,-2.6586099892127804,-0.8645491338357693,-0.06753848275033436,2.274372217131824,0.13621574385863977,1.4159074934517466,-1.6537378881035782,-0.9538815181429793,-0.709038952047505,-1.7721011493264176,0.0527370966425756,-0.7081317320102598,0.9152496209958705,-1.859778023347622,-0.6541036847161084,-0.3496847479808621,1.3166585491924752,-0.7574175945142421,1.1007370163842474,-0.7859959914918743,-1.2804082349365353,0.06822794594603956,0.11847024234251366,-0.03230700544791738,0.45443653148514435,0.21492793697767934,0.6515146743579607,0.7547046892576241,0.5810074527797185,-0.21224800143172343,-0.08657937875485523,-0.5350666770068239,-0.05415240058903919,0.20079285301948963,1.1078653465475419,0.19109503223918944,1.1136969547366693,0.8455446566442946,-0.2164325053006829,-1.767381401951219
lh_transversetemporal,0.7902244588031488,-0.6978848927161273,1.7486751550698982,1.3998319322572035,0.17992642916300716,1.8951228927163517,-0.3449211259756018,-0.45327014081618366,0.6241608031970614,0.17531349553781397,0.586808035040603,0.5106261613614419,0.5697933452970841,0.6398772237931981,0.4904184983495404,0.5358458790270721,-0.5233900043017724,0.4530811616603066,0.895137750050601,-0.07306120733675711,0.3647852566312341,-0.5030575214939959,0.38615357174592857,1.315253033357508,-0.4844147685696097,1.136567035142113,2.141053966301329,0.13634382048358637,0.02713715188551064,0.7527220373863213,-0.2869780074388479,-0.10335616814595967,0.11827106347685354,-0.4014712484808655,0.34033798815789473,-0.7206643819279099,0.021698364634770994,-0.18388324264689898,0.44595676799751827,0.48779553410345544,-0.04531190568119388,0.41646943350299004,0.32234494680545644,-0.5486465591784097,0.41716959893536415,0.3137223831544595,0.09382256849307702,0.800809434039528,1.709011660294117
lh_insula,1.115195380598768,-0.7091216609666222,0.09476831262994662,0.5092889485713498,0.5686555833270306,1.5779108628861307,-0.11121432144114107,0.2877145575895767,-0.0937730425467063,-0.952146755283462,0.03113658466857884,0.8274403584446332,1.560836390814176,1.5283023798982425,1.1613892742631604,-0.4127708525791903,-0.7368505106252783,0.5840396218884149,-0.672832120313733,-0.23812957463826373,0.21132937862592585,0.7534928020124465,-0.4521913842381708,1.1712646816537107,-0.6949290050072566,0.35673206195742724,1.5124482709003306,0.5152383689912882,0.1553947028258893,-0.29625538401564283,0.3807591228354374,0.3965577941360951,0.4356612483400063,0.04977757847297347,0.6484995465116068,0.7303547999926271,0.20749944743054202,0.07984385524451691,-0.2460290044088858,0.22103276334492258,-0.3274994606390761,0.09122125519406153,0.04554589359872691,0.38607049274410715,0.1388465698079211,0.24512583847526156,0.26096012637191246,-0.007230710686477053,-0.5454814353250742
rh_bankssts,-0.06507595721632241,-0.16178999422118068,-0.18162664864212275,0.057453734800219536,0.43981771710605244,-0.45732102636247873,0.3839041586034,-0.27965934714302415,-0.39533802316873334,-0.24768856121227145,-0.2082718309829943,0.7369676307425833,0.41168499481864274,0.25188266672194004,0.3950136045459658,0.6643922254443169,-0.8118994429241866,-0.8013459437061101,-0.12587768875528124,0.0804182575084269,0.7565304036252201,0.19714024220593274,0.07370711589464918,0.2717101454618387,0.3053956339135766,-0.057300108135677874,-0.3550960128195584,0.45254398459403716,-0.15238523126250572,-0.13950539157255587,0.0763977474891614,0.07955459983237592,-0.45333509243487685,0.05286096562279899,-0.19503740593763133,-0.16837490035224462,-0.1780687743116987,-0.10806244143695651,-0.15450103575059118,0.3424421242810101,-0.35832722789910554,0.12024709164301732,-0.07813872725271342,-0.2781888288952245,0.024893216329166565,-0.3645443944519685,-0.2750576589376214,0.23196182505718213,-0.017585369062500023
rh_caudalanteriorcingulate,-0.7342711566369745,0.04361812826953357,-1.016293189193629,-1.0290466863897783,-0.794396899546249,-0.5264062926739077,0.4128767184064358,0.24886518415016465,-0.28620913662487946,-0.6904078194800811,-0.3790354302412347,0.3819964663891853,-0.377069822406467,0.3151487078093275,1.0065631568431854,-0.18461457498465914,-0.3238881793391855,1.3525067462196834,-0.36094473592371124,-0.5553049224405254,0.31025806635240966,1.049337833742552,0.12102007106701036,-0.46324862917012805,-0.5912547694354119,0.22611647655692282,1.4270371286363541,-0.12325240470070348,0.2505959699285006,-1.1555528747909491,0.1392357940821927,0.3000133482007996,1.0595323072524758,0.5977126109006162,0.43681480800330375,1.419194034834151,0.6767812171613253,0.4029673752523885,-0.028342142236991538,-0.4004015020914105,0.27747825440344204,-0.4450336525475214,0.0173766068242884,1.3396029928421649,0.4073747333958085,0.6160560284776249,0.6183681298339003,0.2731723366051388,-1.261485203797468
rh_caudalmiddlefrontal,-0.577844858236377,1.3438033581849171,-0.41138023138046265,-0.6920980567889363,0.35930321285409245,-0.8419407341512329,1.6027042812296093,0.18477844684113298,0.8227002682172664,1.1889693434997524,-0.4412352912495489,-0.07290044059400601,-0.5989002358218479,-0.3902149096198146,-0.3653623770772074,-0.04457454386714328,1.3580595356466525,0.3592924825145525,0.8315455008782613,0.00961726770272704,0.2753350323091173,0.5972428347230492,0.4366888503884404,0.06560474684286545,0.0919497988015547,-0.3243028566976299,-0.16972236506455063,-0.08014814111758457,0.3624906368808448,0.0425383309606746,0.07487095690694888,0.263213672607331,-0.1001796850150379,0.084074316234631,0.05680601390268549,0.2504156333611847,-0.08452753203720459,-0.09756388368372551,0.06399059089374635,-0.31160340488017624,0.39131306393766657,-0.14594132292673168,-0.2860698654252527,0.03318480376561961,-0.1496690767694818,-0.08369258961909869,-0.05239399823264627,-0.2908354426145536,-0.3432336549103133
rh_cuneus,-0.953275821529902,0.7836581881229694,-0.06373819730316216,-0.5626670927382432,0.6240716903255537,0.06356913195206565,-0.45040142708099806,-1.2786755172105937,1.5125224159027522,1.1359698898517168,3.248098510962266,-0.1526743732392788,-0.8795465047542865,-0.4991204459220171,-0.2616523184741919,1.300695666541847,-1.50106786019527,-0.4006644028883714,0.9450815096497536,0.8116539467412692,-0.0784912913178022,-1.9151767056721907,0.14804255168956632,-0.3854649622852986,0.6226859448047785,-0.6866165777811637,-1.0693403001015003,-0.6123935656498956,-0.044018937699432055,1.15957367331669,-0.6358146859849352,-0.7662096966671579,-0.43635969730427954,-0.7102030652629209,-0.38303665148243293,-1.6329444599690535,-0.3531684959398601,-0.33740745087390955,0.21734550034526914,-0.04794069104146619,-0.19567069508291238,0.09951622686360354,0.27843208344393955,-0.6549691688091245,-0.11298157939785342,-0.9960980651134709,-0.7626763486632242,0.02304201619433506,1.2731494011538458
rh_entorhinal,1.6030139128367107,-2.2139599663870677,-0.7781443652652559,0.4132317531676519,-1.979855240100906,1.4996014946982974,-1.3816882428668795,-0.48130369186401367,-1.783855256580171,-2.4860796814873103,-0.8290503649484544,-0.9509528023856025,0.7161694367726644,0.3940297301326479,0.7605319988159907,-1.5487498357182456,-1.8121856110436576,-0.6632291220483326,-2.404319377172561,-1.5133140016169775,-1.9044109809966314,-0.313069380465008,-1.9984494277409144,-2.6513158224877857,-1.08878181706227,0.8866924898965018,-0.9315504516874041,0.5449270681998017,-0.7575502724007426,-1.257647745744372,-0.142842098332507,-0.23833107477722648,0.6869913788941238,0.7079290850282093,-0.061738745870817804,0.9613098328963444,0.3290490427284666,0.14401860464854344,-0.4020018529932372,-0.619714785304012,-0.6969635587262241,0.03831392977688649,-0.10176859440831983,0.9912488500216654,0.1261984755713757,1.4071520994780393,0.9743563187267077,-0.3532370691725478,-0.26441056666666657
rh_fusiform,0.3129527892428215,-0.94179064798034,-0.0797975520894985,0.06696869829287032,0.017888695929788975,-0.017659692049829246,-0.3363196482812917,0.1567271112429875,-0.938864958055493,-0.9288726671777591,0.02174057693593831,0.3500992734022815,0.8542398080881999,0.3527110539602511,0.558883583906925,-0.15107036113538325,-1.410243353257677,-0.6747225762818397,-0.37983238255536117,0.01798337497293748,-0.42086976271135235,-0.41208555331133834,-0.6290387751578482,-0.4781245015583531,0.4564502888268192,0.2882078567939977,-0.9970338346580865,0.6915005092854367,-0.5193212755644244,-0.1796162314089413,0.14783597037602733,-0.10534565148835785,-0.2587803843751184,0.11123722309908977,-0.3657640260281396,0.12394036238773246,-0.16256551404499558,0.13583459637664663,-0.2186537429087407,0.14288466865818283,-0.5253063327851936,0.23642064186232442,-0.16791055234922217,-0.06415239954853304,-0.1288035585780834,-0.2674858341980342,-0.18892851795794685,-0.1735445683163746,0.0757845378013466
rh_inferiorparietal,-0.6185414826226118,0.3606333980571521,-0.6894932541929173,-0.5375429239191127,0.5452335762704453,-0.8846628697384789,0.8642028477987954,-0.02225323399428259,-0.22362398737264147,0.2193647839141165,0.18229154738827735,0.057812613924376886,0.1392073344603888,-0.3659302108660462,-0.37578714101189675,0.6482505723955978,-0.08258172486788318,-0.4681236019476931,0.5177370366837019,0.6081114825891688,0.5255831720249547,0.009471977693554618,0.40598298689127943,0.09263730150648986,0.6971991982207361,-0.6160467683829964,-0.6297574658830896,0.15919968980210641,-0.05751541152190634,0.12237303593806796,0.07257400273623481,-0.05680761337638142,-0.468413583843298,-0.015787810825928457,-0.24804723203541,-0.4896445951181362,-0.11084877421851522,-0.09843370727097232,0.0026141471039063937,0.142567030551411,-0.1137873177033843,-0.07899147023912657,-0.11465632744355392,-0.2599993569618675,-0.25415783556562577,-0.28164184850164414,-0.21667615014518257,-0.1984407459055971,0.08177314266775808
rh_inferiortemporal,0.4951568653561034,-0.31326735860334254,0.030773050605126147,0.3332151724482482,0.5933170042510303,-0.4759606530643859,-0.17921322870929285,0.416929359565366,-1.4290196535722264,-1.06404298611407,-0.5433225245408292,0.4352721615782324,1.5354161836628644,0.16595191601312387,0.7183815460160093,-0.3274006199372827,-0.6606662464802557,-0.8611191934009768,0.2667845936316364,0.5297143479563157,-0.05463885712736058,0.35982170346772896,-0.3281500991925878,0.010946520997808793,0.45438904150055265,0.07418382813064557,-0.7927912543404777,0.6945390296589038,-0.5093964710274564,-0.4754154971598616,0.39104288852694835,0.2502497729882409,-0.18575655788922343,0.20756140178825574,-0.14813858642546013,0.258633642410633,0.04604996236971485,0.267803410141214,-0.32576844986625664,0.12326875340164688,-0.46916185509425695,0.1413461354479818,-0.033403932963202765,0.23175948255225376,-0.1815600463462649,0.018983247795546686,0.05217134316243721,-0.26901923281407214,-0.7126006178490581
rh_isthmuscingulate,-0.528045704751684,-1.4031818971822136,-0.294615372492556,-0.269263050469913,-1.5501067622711784,0.042877748494216224,-1.0926030986664588,-1.5053075776157672,-0.019026542507242738,-0.12119088753273616,-0.24937033836255995,0.14060781634690472,-1.2558359278921496,0.04143021464870687,-0.0881106307109197,0.11044159949871532,-0.6046365274018363,-0.7460815621736018,-0.8614083838959536,-1.255758414404434,-0.8101335377023932,-0.7815092127574118,-1.3814391772867294,-0.7695055912461197,-1.040748559592063,-0.4608453293902832,-0.2192857541928166,-0.44812292188924324,0.09317136540061267,-0.07222731752103313,-0.019775784407326396,-0.09125419556172576,0.37118167877097646,-0.02552660215907911,-0.07643034291177206,0.1754832320133282,0.1623154730635483,0.31579833238582755,0.3524958410768683,-0.2655091982961102,-0.10495220436883186,-0.1553434240645608,-0.2559742359610899,0.1573486151885485,0.11916438706304124,-0.21751404892300058,-0.12471506836991825,0.032047707200926194,0.47269442429824626
rh_lateraloccipital,-0.8836333640222627,0.6683244962336087,-0.5193721510692018,-0.7471661881864232,0.2982267320135906,-0.7025910807132398,0.16160921139647644,-0.6684928885724163,-0.34598917861375705,0.14384282257175704,1.8477518878331998,-0.9912854017927072,-0.4212695279014789,-0.5439942400387632,-0.6863945766798849,0.9259646959643215,-0.6313437936994118,-0.7680137390043678,0.8207493864989216,0.7578570777525101,-0.7632430172790357,-1.5340449577424584,0.2147186020203692,-0.31119516562054633,0.6293553102832177,-0.9946598970308537,-1.070644019580469,-0.33473115514612445,-0.13434272336419623,1.0950345800179848,-0.5255586074048233,-0.528145669701324,-0.35433202210337045,-0.6957119590199838,-0.22308693715224473,-1.4971083365682802,-0.1832597304773457,-0.12882581898101006,0.33818877490834964,0.05842719867626778,-0.19743396588881948,0.2521028797362932,0.05144060130054479,-0.4278925339535166,-0.09645521237079532,-0.6119413708052291,-0.50626196265556,-0.1562536067398775,0.9355457264227626
rh_lateralorbitofrontal,0.8745514257123854,0.45731367424744346,1.2599594501520364,0.8704024325595813,-0.37318713544459825,0.6717452422509925,0.06929707192303089,0.4505449812510487,0.1596577444326565,0.1958232851252518,-0.31700647064250953,0.7527385695596759,0.16011123978689815,0.6146504871184459,-0.2343072909094421,0.08734237868687632,0.4779850302564071,0.573797290244799,0.10817892654111769,-0.11279504363902945,-0.2561810529522235,0.9989563141869249,-0.5625696966654798,0.6161416167400303,0.015938026865435002,0.9928926193758789,0.267459891931841,0.13646377028308515,0.20307583318264322,-0.11127365485076945,0.3820079172213927,0.523446931172023,0.07935977142398146,0.2706003418731661,0.11633388638297035,0.9994018655557261,0.2696735681146119,0.12848063328998668,-0.28264866932245447,0.3382505118427879,0.20433408484505283,0.011356728414249045,0.35952579049214445,0.07351867753786638,-0.1657102650583543,0.17347812872686957,0.16918530497235804,-0.25300322192844554,-0.6277921253183515
rh_lingual,-0.6103943049186661,0.10813960114554051,0.1604017820810118,-0.3987040746836893,-0.48900051240719133,0.29458785177989594,-0.9209422066229426,-1.3612920207932833,0.6490849878999495,0.3109260603425003,1.977155676291835,0.09052812515367423,-0.7935898845955249,-0.06615830773127175,-0.22139196422311566,1.1997847043638747,-1.9854017737652025,-0.7651482854158648,0.6475308402892082,-0.17334817872653085,-0.8193149014766659,-1.825380090263582,-0.8124934710250536,-0.23399311355164937,0.19155299411185325,-0.15996565741877405,-1.441293984170883,-0.693992337899751,-0.3763678423975981,1.1274284308966322,-0.6968174550754948,-0.8170877968685436,-0.10632593077720486,-0.8874690746799908,-0.44125131357893266,-1.235682624740443,-0.33750121530478966,-0.17015013243667199,0.2864051041036666,-0.3104571729776937,-0.3466187028504187,0.32045962343265677,0.12459143557184801,-0.7731907155780848,-0.30916274679818884,-0.6011463692974344,-0.5987882090739852,-0.3247302029246945,1.2545282722016127
rh_medialorbitofrontal,0.24260500517691144,0.2402506436898101,0.11175684172729528,0.13801727353693533,-0.3606795957369834,-0.1303134068661595,0.03213308094451146,1.0534835531844855,0.4051313197112972,-0.025471008429014536,-0.7921915998138627,1.343918866992737,0.1472738153353241,0.3152706855387421,0.4047472262234421,0.10361254252261998,0.08290831337434164,1.4783341353354247,0.2769708952849141,0.5128911533711119,0.6287740482861951,1.2871472828136468,-0.5933745710341178,0.3987684196196728,0.6033384266616024,0.49599514374081394,0.23984711001748624,0.1769209818603225,0.011048804998305803,-0.7030257465258652,0.38143208361665404,0.5057311618947242,0.4086795629401889,0.6566398429042755,0.001314020160194493,1.1815297836468066,0.26695220534156344,0.19459750932524697,-0.6045175737386207,-0.13148677566504813,0.14699218004880468,-0.3869527593758357,0.4662510087248089,0.47032220309945144,-0.366736009350607,0.4948290596560446,0.4771812680407608,-0.6689827969575469,-0.824181290931679
rh_middletemporal,0.8279032894650346,-0.00807501337602266,0.7990187180679549,1.048526128320574,0.8269380667033084,-0.23997014866403812,0.33094125433163074,0.5172088497886492,-0.963390234037765,-0.594009296839717,-0.6502883606736765,0.5009548401682632,1.375315294864605,-0.006208192908538967,0.3887721873210661,0.5933104961255343,-0.4269518386982616,-0.5146310659558893,0.3488212031775019,0.825673631339703,0.617288599481935,0.4278798121607529,0.2414097559035012,0.32866501655874764,0.9216322358873374,0.22693167161782207,-0.48511619556624935,0.4669747167834413,-0.28628699525049717,-0.3515473506919172,0.2996232618028831,0.27112965785397625,-0.3396511670745054,0.09134969670991817,-0.1704579943674168,0.07483920188369113,-0.0367129944565946,0.07485006148148739,-0.3138808977008878,0.22622250992674495,-0.3867540458967166,0.09637973447879546,-0.02136240492833356,-0.060510163082827154,-0.17508118006930115,-0.18229305998554396,-0.10469145676283444,-0.1336492135872834,-0.5846492659905653
rh_parahippocampal,0.7262556302486006,-1.764460174078794,-0.814349984692544,-0.07686628693157864,-1.454006556920784,0.8868774273960861,-0.9066932908038503,-0.6023917300146573,-1.2513276301708418,-1.7530540387655043,-0.0004998734316874842,-0.596736802268274,0.3333713968390042,0.4158999451349691,0.30755846064115305,-0.9380428884754476,-1.7343596306043803,-0.6774218543288634,-1.6552383309787082,-1.120130230471031,-1.3736659874851556,-0.8054387741482135,-1.4363490846968188,-2.0152316031228636,-0.6049859634379751,0.357152911805615,-0.9546440643133577,0.4741546908575743,-0.6710955714005185,-0.7531919892658175,-0.1282765820674861,-0.36992172097193343,0.29257062441204673,0.3573996065111626,-0.3971871253799002,0.6201704630934048,-0.026024972850461188,0.07686654949883664,-0.35592011748981434,-0.39531778234822207,-0.7170029600478245,0.11266933414891421,-0.3047750346780326,0.39681343124328905,-0.11718886759509957,0.49406775690325155,0.312128670019919,-0.3474079318780501,0.2029826255979377
rh_paracentral,-0.45373860587421644,-0.45602399136266136,-0.45089601464251167,-0.5390299173852062,-0.7538411607567825,-0.19721873515309432,0.11165882787133893,-0.37930135989291036,0.2997170285536693,0.12011476230417562,-0.8904955748818878,-0.7239134151201981,-1.00007572515398,-0.9414204271812724,-0.7191029327292727,-0.378818921235382,-0.06275111459131934,0.25984966123683584,-0.403713408857584,-0.3757427179485432,-0.2868562247763332,-0.09853805206779744,1.2138192781016357,-0.3767611395854216,-0.32411755225024164,-0.884432043784704,0.829496844074665,-0.16859186630420134,0.12539492897069113,-0.2997159433145179,-0.07030755463644389,-0.07824196378497304,0.22532063756272314,0.024625540462289798,0.04125896665625422,0.2287874524463536,-0.02041321888042568,0.07152441140633081,0.262328300305528,-0.23736094927630938,0.37159225950073077,-0.2259835344283115,-0.39045444609701924,0.19909608827691377,0.07311374914935857,-0.19590199563539118,-0.06865843432642482,0.06853788363976268,0.3148317252307695
rh_parsopercularis,0.29912961612145106,1.1961856722831725,0.5887824503580729,0.29838135818640393,0.7002212749421597,-0.12468592415253321,1.2547394355138144,0.4298610774676006,1.0705130604902904,0.8143179615338644,-0.4450777440269788,0.5089600572983424,0.02124729871749878,0.42487304082761207,0.13943901931246122,0.8682368725538254,0.5124283983310064,0.6455856128533681,0.5336479371786118,0.25495606154203415,1.2143545097112656,0.6596533139546712,0.6495103823890289,0.5693919289112092,0.4834993247191111,0.14955974688132603,0.61052390685305,0.13011129834885032,0.18265326942359184,-0.14506789385355176,0.2540236512406356,0.3517348278082844,0.2847300911028095,0.1059081458189365,0.42216507653597685,0.588069217422077,-0.12949819526463574,-0.04322726055936217,-0.08185341758931358,-0.02735275261635744,0.41707932317629226,0.10529239725239972,0.05632216394200886,-0.1585082724369039,0.08066675515923812,0.3185699001252181,0.24591618437010743,-0.02812140954928132,-0.42764054166666604
rh_parsorbitalis,0.7004862850362604,0.6891655867749994,1.2527567397464405,0.8701906298371879,-0.20965000282634388,0.4588819997554476,0.5892491335218603,0.5683435998179696,0.13741364506157963,0.3283671725880016,-0.37818256051025606,0.5969351372935555,0.0015201361849904,-0.05874552049420097,-0.6671669499440627,0.4220178945498033,0.6772815617648038,0.38662828640504315,0.5699910838495601,0.3141462667421861,-0.21266838136044416,0.9370253866369074,-0.21482559117403896,0.24317704804918983,0.3640826783396981,1.0164864789355885,0.19552660232240504,-0.040718572108015307,0.13106534380606563,0.017902301829407358,0.2707210317345789,0.5299537149608018,0.07768711592125768,0.3281371393529144,0.04993407692485821,0.9085553088440066,0.34432026476255867,0.010905815721885256,-0.2170253478387451,0.31285980915659,0.2595534146964708,-0.04943275322292933,0.2936449411145045,0.012194536176528586,-0.14657509710639635,0.460284728328444,0.3151810444516834,-0.16685034386454306,-0.6662578134545452
rh_parstriangularis,-0.14817031263045863,1.2674964133282782,-0.020663453816947803,-0.21564222048495857,0.7110619717080828,-0.3200059843734956,1.4181057504365142,0.3474680009022565,0.5415739423372377,0.6954308869973035,-0.07865938809241207,-0.05371125247067129,-0.14292332013203224,0.20730382602819256,0.1664845001109889,0.4910542398009082,1.0260163348325542,0.4957860216078624,0.3450834879153211,0.4152136977473405,0.4911173541151302,0.5466442383091215,0.6417362181942018,0.2449157716522754,0.6147492227839751,0.4275546128481207,0.25816524514853034,-0.49692523477340067,0.3250992642976391,-0.07315442327858897,0.1874626760726436,0.06380986975218111,0.08928189368060784,0.09554753349213833,0.3333516328559049,0.3212635223122523,0.07286180070349484,-0.23342508723600075,-0.16260870374279254,0.17782540934205837,0.48661927300764374,-0.010660427866028374,0.14200246088156673,-0.33839803890802916,0.32179666983016403,0.45898410214189905,0.25353872497160496,0.6534451781247184,-0.32962833869718255
rh_pericalcarine,-0.6563563576532067,0.25271683685276486,0.3269996517978677,-0.2697887789765629,-0.3340756141264504,0.6513457002989743,-0.8762139025904717,-1.6937139362370202,0.5850902587995617,0.34413841612842105,2.1574832190067394,-0.2165433776761414,-1.073156415322505,-0.17071345263938292,-0.6449072073905839,1.5214965835623784,-1.753216346469494,-0.7130696286848925,0.5197414411317318,0.08480528325115869,-0.8404158372944648,-1.9114705531968983,-0.698690103646795,-0.4839846184904422,-0.015301508914440034,-0.9843873233970153,-1.3642425854271705,-0.9560107183066057,-0.17932263577692806,1.3272082973414752,-0.8494640805274144,-0.8567813404887682,-0.08023055784544289,-0.9799488879748011,-0.2891003707479977,-1.5426446624729444,-0.2990466685114117,-0.24572285723900988,0.3690779522076611,-0.1960180226001117,-0.3603256014451048,0.319132545373343,0.34128987840294234,-0.7546200647074602,-0.08984198406842991,-0.71580925375146,-0.6493617546632323,0.051009740924250264,1.3351083724770663
rh_postcentral,-0.4962456321317545,-0.0358177289419191,-0.7240197816994828,-0.7128047767344495,-0.7532310992295683,-0.4082786445309159,0.3072915625509242,-0.5519329999953928,0.2621653268038308,0.19888762804404111,-0.28764938914649923,-1.1611969786840426,-0.7609363394251591,-0.70166617958531,-1.0126164232341337,0.07394889925777072,-0.43223286391249005,-0.24229216333609863,-0.14756029529470793,-0.3392179694393991,-0.43473460336386316,-0.6861143139728778,1.53506338525511,-0.4702832785133325,-0.048896409361295294,-1.2262456800106545,0.39037734057596873,-0.45402492785380555,-0.17049943801540235,0.4476593114748188,-0.38502859164487324,-0.3394929502110341,-0.03582697290987546,-0.5036666570639732,-0.05716711935616286,-0.8338312826744999,-0.09970328790889763,-0.24510838344020588,0.24971657362189983,-0.14188114916529843,0.44821039189818934,0.19552382691473036,-0.3466377341193615,-0.310141556304099,0.05475180312003686,0.014765289257892344,-0.0887103062497072,0.21269286957455413,0.8451082097992939
rh_posteriorcingulate,-0.5886549855928002,-0.5215317762497836,-0.6808816351980533,-0.6547012411573399,-1.1627255218958705,-0.19333802515043402,0.15757786834015036,-0.3427156884715242,-0.05511443663693074,-0.3794485678744016,-0.385445902557493,0.5775223861700334,-0.9023292691640135,0.2587830249759011,0.45055562028157636,0.14428205612414288,-0.5021118095742082,0.30313819909245715,-0.43033821639493575,-0.6128950477812041,0.17433023546476784,0.46031659522896295,0.3495748974617172,-0.46673291125012645,-0.643291876469768,0.0018947381268507057,1.7126677151558534,-0.029133096685472752,0.16888344721329185,-0.4638161876349577,0.18994834240531946,0.2605181473443748,0.6065712333691471,0.34677845394638296,0.14789446353993205,1.0229734593389124,0.3092267921907778,0.3590161192709589,0.17808406553528955,-0.2390044993439972,0.24127309560571578,-0.16956180980964464,-0.3886929955319718,0.5085201607991241,0.05855084781588752,-0.07861819354512667,0.0716787637959438,-0.17784211505206735,-0.281034750352201
rh_precentral,-0.49516271171970194,0.3342612498015751,-0.4242803295242985,-0.6750527871223152,-0.635705310203214,-0.5026447807471077,0.9125879401969477,-0.6292593672353093,0.6414064408791408,0.6037466513407213,-0.6039330505634941,-1.0641971464281543,-0.9012566660382925,-0.611429196893718,-0.8680928783341904,-0.27486482766455494,0.18197755152627307,-0.016687557884631447,0.07148596669199246,-0.7766070377741026,-0.5455130906310637,-0.3629648210917587,1.1408884771500747,-0.1294124775232237,-0.5353089123400726,-0.9937023784452416,0.7975850834563352,-0.3472297430344024,-0.08506587498598246,-0.066334569143476,-0.4236829152007529,-0.13992044149385985,0.2316748163598146,-0.12526832445453534,0.2133954374649191,-0.09189089262330527,-0.11805928717242183,-0.16640279156215096,0.2635910415438398,-0.2849636193112173,0.5484399809045477,0.20560522038378795,-0.7145479917058317,0.0207587053358555,0.37948818238442134,-0.10927700611691306,-0.047910649468915004,0.49483937307409337,0.8861733671437235
rh_precuneus,-0.37273399439083044,-0.39226524944765023,0.22270895735207333,0.1417584579333244,0.24645787753523832,-0.1288611567223886,0.09516170776512728,-0.5281063974741472,0.8371257937726486,0.8585380197289478,-0.032848860425163946,0.21837712692687788,-0.6838065974683647,-0.4295182401748247,0.027302628203508365,0.6976589353411013,0.04807015165806296,-0.1333363372346304,0.33143419160481435,0.2803408309338562,0.513449217615477,-0.3279027076490433,0.04805669780955257,0.061667987483976235,0.33098567184434835,-0.550217106639142,-0.3392525500202753,-0.11267144096353325,0.1823655831382333,0.07675403073693114,-0.16555492970128297,-0.12210829180366534,-0.19862057556203735,-0.026878860689202363,-0.16300810275405345,-0.31154549351917865,-0.23342315519938223,-0.009569482495015748,0.19194646900254872,-0.11361179471794032,-0.20276933830062427,-0.2696389121085004,-0.20664304495904023,0.06401920585571469,0.06250301451237363,-0.6631421738943335,-0.4458159115005181,0.04210838290115387,0.2266971820682736
rh_rostralanteriorcingulate,-0.7084538560164603,0.17890324090656481,-1.0891163098184686,-1.0198260859439248,-0.09480832752428557,-0.6866494166223627,-0.03460389061977992,0.7046411790345845,-0.21048311183327123,-0.6736693382263184,-0.2583194971084595,0.9418216316323531,-0.04326309655842028,0.40861666359399496,1.3691010804552781,-0.0988332472349468,-0.0980338234650461,1.4765936073503996,-0.46493875509814214,-0.27346198182356984,0.7722359707480982,1.2730417753520764,-0.25673002004623413,-0.07328237985309802,-0.25594314775968857,0.18450468464901573,0.2639509725727533,0.033316318526243865,0.26204497204510036,-1.023943075466017,0.4427899414372815,0.4269509091319409,0.8645712675102829,0.6704789213745711,0.22075694015813252,1.436820025068232,0.48036187309410133,0.5228624523462814,-0.3369831453082563,-0.22814906077599867,0.16751974603607844,-0.4597546452247409,0.21594381477884278,1.0020188267081114,-0.0558264340054353,0.41314870090082034,0.522128638218707,-0.39369793332763325,-1.4076888210526328
rh_rostralmiddlefrontal,-0.32326942109825585,1.4479032516479493,-0.11889300139823762,-0.32608719229108035,0.5456285923350566,-0.6284292547505966,1.5566705760979416,0.7054365462005728,0.6815912588102983,1.0842505050767766,-0.21515071876347064,0.2925834447735607,-0.35234683737675154,-0.4771918142491048,-0.6078793139740972,-0.013775722785751425,1.4034324817138144,0.48842716417690313,1.1598708096117076,0.41383051959668643,0.26866277843381803,0.8253224155100265,0.47270622873346846,-0.1484048112784282,0.3560780956529745,0.07994169291883411,-0.20049055051657896,-0.08805789122085643,0.5081264341413171,0.063751053935502,0.23713455908442166,0.33601628662106725,-0.19991044150565193,0.09514268290433418,0.029938283450395713,0.2132174954045205,0.007147801747695841,0.014088045010516895,0.08928037811917025,-0.10027188284051808,0.4137196024886432,-0.18393522462078418,-0.024204332239896306,0.26479575998606175,-0.10955506914280591,-0.048390194799041435,-0.03896921266733477,-0.22508761588622903,-0.5884009063762365
rh_superiorfrontal,-0.33978987595031473,0.5165586449585395,-0.18061900498400424,-0.41397985646216545,0.019233377086093524,-0.5491886525471064,0.8327579177097085,0.30562627675066684,0.3817419300290279,0.3256856892507613,-1.069083655727453,-0.25646533911932895,-0.49638444422956446,-0.8068419671330311,-0.38358280631955766,-0.1548943601488747,0.6623130208106047,1.0041415513800231,0.39704936833168325,-0.06047132027824846,0.24499408865781955,0.8373338087154777,0.2905409311268344,0.15565079325765133,0.0007198090008372581,-0.6948874972501006,0.38354614848425816,-0.07298683877907278,0.3831687810595246,-0.33374107983709855,0.22054248743991278,0.3975790486653031,0.3715176010622823,0.42949830755924456,0.16712567543293236,0.735779397355932,0.197180638653616,0.09768965127819003,-0.13097277629149157,-0.2773535133601928,0.32358353832420106,-0.17941165970567977,-0.08069032960672656,0.47890021380157516,-0.037700294117042676,0.05048253468524545,0.18044037151284628,-0.14208056430624824,-0.5821098279302882
rh_superiorparietal,-1.0385569535811867,-0.0322345610934654,-1.1061698461442535,-1.0456997347928805,0.014770017073790477,-1.0339299953207024,0.2995239512736265,-0.6633288399570632,0.0783563696644189,0.5239088910278775,0.12743749670602975,-0.8659025016073689,-0.6503474924382107,-1.022021571857137,-0.8597164917824421,-0.24557426085989115,0.09708574628123254,-0.5974931926197734,-0.004794447387854871,0.21360201809944676,-0.30329158175707605,-0.5674119718175225,0.37752965709278813,-0.5909315181137665,0.2207028960195979,-1.3996924161446076,-0.8812247199033985,-0.09578280408681415,0.0325276588249335,0.4938435909031563,-0.08553996114026641,-0.1434740136576481,-0.4727037446468292,-0.2917646574673692,-0.3521183222510798,-0.849598312128785,-0.0923078183704167,-0.108080834552897,0.1875550608686122,-0.07697316355644016,0.11448799727257743,-0.23469786478889434,-0.1988628138477557,-0.1400381887255813,-0.4630342113893281,-0.39830228814861685,-0.3080560512996568,-0.5039030228738615,0.3345323412636506
rh_superiortemporal,0.921156078646511,-0.545536016806578,0.8149683499113941,1.1297429059143667,0.12633280556470955,0.7831772360212598,-0.1906840185046474,0.36401221503466713,-0.47173760211342697,-0.7932563756868278,-0.7118319441979026,0.2602310807971688,1.0788891955966995,0.2189494116461916,0.221184683846427,0.39842956191870993,-1.1849498359751311,0.0984984109903271,-0.18330960927448628,0.5861204860336853,0.5922429799894631,0.1271858781159341,0.19390247670156416,0.29128072612282835,0.5295366105907933,0.1832288431919816,0.3511966792367277,0.44276088910055134,-0.3835831960172767,-0.14866086467410713,0.010433168837633644,0.14501182418319122,-0.22426280740055718,-0.01630317603996108,-0.10863753019077588,-0.05769143268346702,-0.12224497179269796,-0.02599728444201902,-0.24190435758939652,0.26380977471762757,-0.2831139883058236,0.09586520527922794,0.08382614947779136,-0.3150601048500695,-0.12754289851189074,0.07813145984471676,0.018601683358892365,-0.018024368240295987,-0.12727355233100276
rh_supramarginal,-0.1037873905484039,0.3393154609173831,-0.09531720304253077,0.08771907380311796,0.06400908135836668,-0.35110446568762904,0.6349962721956839,0.07703999212325209,0.20811673429250568,-0.06326956456840628,-0.23715891231699746,-0.03590142471660482,0.010831615974259847,-0.3681604437456273,-0.6051200455663228,0.5248388499316603,-0.5394953216656599,-0.11148328397533681,0.45539533531311716,0.5185786588873603,0.7275249767421496,0.25393074075184247,0.9168991038631095,0.01685324376172361,0.7320801926426368,-0.9413364008069038,0.007269814108858014,0.016145387648374077,-0.06027919056156514,0.29581872651405383,-0.013380833851710175,-0.10264128968862331,-0.25823236298252356,-0.3839929344677727,-0.21134426059384012,-0.8403511540384768,-0.2139134717535957,-0.06122852866027939,0.09148631468602365,0.14968828398120282,0.1835591506666391,0.13489056387405662,-0.15690329283146215,-0.31836420665009296,-0.09822211385725835,-0.13158501578101284,-0.15771993300315557,0.011695306595695064,-0.001964322855445533
rh_frontalpole,0.6082641363143921,0.8596500635147095,1.225955536365509,0.9257778057456016,-0.1928197494149208,-0.019976555469911558,1.2326939821243286,1.1703570294380188,-0.13858507931232453,0.3816323339939117,-0.7025907874107361,0.5826273906230927,-0.3080988395214081,-1.2492393636703492,-2.677492914199829,0.22090157419443127,0.9180533242225647,0.44831707000732424,1.6889885950088501,0.6830298359692096,-0.12038569439202551,0.8914915657043457,-0.3479293132573366,-1.3365737748146058,0.6213688835501671,-0.2103019106388092,-0.4038747239112854,0.14601413880529315,0.31087759095860634,0.07175456682071023,0.14337073366104586,0.05283841248662169,-0.44712700440555736,0.06755146163076735,-0.04642029063846321,0.1475931547143955,0.15480100826118404,-0.15259049308094574,0.08298637322017755,-0.10693787544253334,0.0941555899722188,-0.10677518248795956,0.6528033068352296,0.4330193969072407,-0.004036948299086478,0.4037729663876308,0.3723168068410041,-0.17736276919500543,-0.7957464247999998
rh_temporalpole,2.2278085735109117,-1.6449136681026884,0.35112942357858024,1.2056288931104873,-0.40478120379977756,1.602760828865899,-1.6876107719209459,0.782269643412696,-2.206972164577908,-2.555688089794583,-1.082396181424459,0.18881785952382618,2.118525120284822,0.20719761451085408,1.1422198348575168,-1.0462782382965088,-1.6787738800048828,-0.5264652570088705,-1.9868820985158284,0.12015837944216198,-0.4965667264329063,0.6846250269148085,-1.8443950785530938,-0.6040824267599317,-0.18714038133621216,0.9257463269763523,-0.9563750743865965,1.0561043298494361,-0.835126665033826,-1.1759351723622218,0.1121044796410812,0.2036854461046924,0.11012770962728546,0.3980776117969184,0.07735148091836395,0.7417804150769468,0.5149346654099848,0.5109551206332242,-0.49175991874290764,-0.10974219846664329,-0.5915386699130323,-0.007659534756464572,0.09988207991031485,0.9020339633323057,-0.10875993935860112,1.2555482163826222,0.9231550070607268,-0.6849268701309067,-1.4832087333333335
rh_transversetemporal,0.588701027755936,0.14882093854248524,1.448468484294911,1.0515121795857947,0.36444872462501127,1.6380250255266826,0.3966861056784789,-0.019090869774421055,1.2977235705281298,0.5408568692704041,0.27988628173867863,1.1546201451371114,0.5526269713106254,0.7606944212069114,0.44781675686438877,1.843757892648379,-0.5928470740715662,0.8179286538312832,1.377499691521128,0.7927994995067517,1.4249277220418055,-0.5079870798314611,1.3496786812320352,2.107853521903356,0.5534651780811449,1.1249684082965057,1.5343642458319664,0.2097526342562729,0.12311053012025568,0.9919323042961543,-0.2166131401546764,0.10330166511840967,0.20669155727392866,-0.47665305153288395,0.385434395040228,-0.8948593731209273,-0.07889720885377434,-0.1856179362232471,0.39227797274969406,0.7560553385814727,-0.09427114952288362,0.529223034617218,0.33405056708492964,-0.6412841168898284,0.3004428626423174,0.06466185283229543,-0.06298929270144184,0.7581481804576256,1.9261820854166665
rh_insula,1.263021028194672,0.08990372282763322,0.15483430438698867,0.5623471761743227,0.4818524196385764,1.6077617462246845,0.28679834191615766,0.7690914620955785,0.4309513292944011,-0.5958017003841889,-0.20128177530251634,1.277525042876219,1.664192756017049,1.9445904692014058,1.0656985434202046,0.6000003262112538,-0.8830021554842974,1.1964389288272612,-0.04778979460780437,0.6218298797806104,1.0460919720144608,0.8490960592260728,0.2811712274530855,1.012063810076469,0.6007960341954365,0.4539159899338698,1.4263510782367144,0.5407555644535547,0.04179283216139145,-0.2745865984507566,0.42206419286255265,0.4377367445076693,0.511351051611901,-0.0007062624389994943,0.6430294054237794,0.8179594465136618,0.12792033146638004,0.10704679995328285,-0.27426329286472945,0.2800932896070286,-0.15747568762577677,0.17678085963760726,0.07587366802364007,0.2583003693538661,0.13954944338550562,0.33878745741650024,0.3112759719017948,-0.07844379198782968,-0.44365212451923197
