,5HT1a,5HT1b,5HT2a,5HT4,5HT6,5HTT,A4B2,CB1,CBF,CMRglu,COX1,D1,D2,DAT,FDOPA,GABAa,GI,H3,HDAC,M1,mGluR5,MU,NET,NMDA,SV2A,TSPO,VAChT
lh_G&S_frontomargin_thickness,0.19938085973262787,1.1003286838531494,0.4725300669670105,0.3855207860469818,0.42511388659477234,-0.30737125873565674,0.24519801139831543,1.1004902124404907,-0.0733654722571373,0.5247600078582764,-0.14392916858196259,0.8784708380699158,0.04768022894859314,-1.0367182493209839,-1.511409044265747,-0.7953625917434692,1.2528507709503174,-0.03983837366104126,1.5108675956726074,-0.028094232082366943,-0.6974419951438904,1.056249976158142,0.09916767477989197,-0.779233992099762,-0.6258978843688965,0.7162485122680664,-0.21815884113311768
lh_G&S_occipital_inf_thickness,-1.0560307502746582,-0.032195478677749634,-0.9528532028198242,-1.108035683631897,0.24847951531410217,-0.8755784630775452,-0.022961478680372238,-0.3128369450569153,-0.510857343673706,-0.03621618449687958,1.0021387338638306,-0.8568148612976074,-0.39119890332221985,-0.5237916707992554,-0.22892864048480988,-0.6386492252349854,-0.15388403832912445,-0.9190982580184937,0.5488635301589966,0.23457293212413788,-1.030553936958313,-1.4536445140838623,0.22763985395431519,-0.8778873085975647,0.21156904101371765,-0.05406670644879341,-1.0583809614181519
lh_G&S_paracentral_thickness,-0.7103941440582275,-0.9243829250335693,-0.9666430950164795,-1.0098931789398193,-1.3408712148666382,-0.2175891250371933,-1.2494043111801147,-0.6545414328575134,0.2154574692249298,0.226491779088974,-1.1648054122924805,-2.0128345489501953,-1.3251277208328247,-1.642290472984314,-1.279508113861084,-1.0161863565444946,0.6071167588233948,-0.03261297196149826,-0.7496185302734375,-0.5593144297599792,-0.9081185460090637,-0.8745051622390747,2.0579464435577393,-0.4884708523750305,-0.3040662705898285,-1.289703369140625,0.6123319268226624
lh_G&S_subcentral_thickness,0.5733582377433777,0.6801704168319702,0.6538625359535217,0.8153458833694458,0.5361177921295166,0.3157743513584137,0.12066587060689926,0.9883517026901245,-0.07443775236606598,-0.425226092338562,-0.551299512386322,-0.7566439509391785,0.06063292920589447,-0.3239274322986603,-0.16721028089523315,0.6690441966056824,-0.5816923379898071,0.33602073788642883,-0.020383358001708984,0.5872777700424194,1.4901008605957031,0.3018788695335388,1.5088156461715698,0.5094607472419739,0.49682021141052246,0.30501896142959595,1.0211329460144043
lh_G&S_transv_frontopol_thickness,0.588811993598938,0.499908983707428,1.1227867603302002,0.8432712554931641,-0.23005394637584686,0.012989601120352745,0.1548076570034027,1.1534351110458374,-0.5023502707481384,0.19594071805477142,-1.1575318574905396,-0.21807961165905,-0.34194961190223694,-1.5754342079162598,-3.0421457290649414,-0.4933018386363983,1.431297779083252,0.3303828835487366,1.2998878955841064,0.4744639992713928,-0.5497395396232605,0.6200078129768372,-0.8697912096977234,-2.3254010677337646,-0.11041675508022308,-0.2955990135669708,-0.5310242772102356
lh_G&S_cingul-Ant_thickness,0.01250690221786499,0.8202167749404907,-0.1337691694498062,-0.15229836106300354,0.8043856024742126,-0.1783449947834015,0.33437836170196533,1.3459198474884033,0.5666345357894897,-0.132346972823143,-0.14667004346847534,1.326518177986145,0.2584175169467926,0.3392038345336914,1.7677195072174072,0.7248218655586243,0.5798748731613159,2.3168423175811768,0.01339908130466938,0.5078904628753662,1.4651418924331665,1.683022379875183,-0.06767718493938446,0.1479949653148651,1.0272924900054932,1.20406973361969,0.6495508551597595
lh_G&S_cingul-Mid-Ant_thickness,-0.3395928144454956,0.6173698306083679,-0.34116095304489136,-0.4602035582065582,0.01941455528140068,-0.20507828891277313,1.079163670539856,0.9582183361053467,0.590981662273407,-0.20931734144687653,-0.34986576437950134,0.6918478608131409,-0.13500763475894928,0.37195393443107605,1.3123430013656616,0.7489864826202393,0.083302803337574,1.8986021280288696,0.23204682767391205,0.09552570432424545,1.144340991973877,1.4649813175201416,0.650418758392334,0.24444074928760529,0.7835118770599365,0.897975504398346,2.439500570297241
lh_G&S_cingul-Mid-Post_thickness,-0.837468147277832,-0.11367621272802353,-1.246661901473999,-1.179776906967163,-0.5274268984794617,-0.4681355953216553,0.7334039807319641,0.5030754208564758,0.22945536673069,-0.4109337031841278,-0.1836627572774887,0.5382049679756165,-0.7199819684028625,0.46891477704048157,0.7621670961380005,0.9805052280426025,-0.21931754052639008,1.1788108348846436,-0.07998026907444,-0.0574454665184021,0.9334858059883118,0.7864524722099304,0.9959614276885986,-0.6314520239830017,0.46047937870025635,0.6324620842933655,3.0226805210113525
lh_G_cingul-Post-dorsal_thickness,-0.9187332391738892,-0.5563048720359802,-0.6092439889907837,-0.6974563002586365,-0.20386284589767456,-0.49249565601348877,-0.6756345629692078,-0.5548626184463501,1.3720715045928955,1.5248255729675293,-0.3016098141670227,1.451528787612915,-0.9496829509735107,0.3249605596065521,0.6593877673149109,1.641821026802063,1.8765099048614502,-0.23488886654376984,0.09552708268165588,-0.16009081900119781,0.8845114707946777,-0.014051651582121849,-0.7079455256462097,0.8319894671440125,0.00026954535860568285,1.7603003978729248,0.7261427640914917
lh_G_cingul-Post-ventral_thickness,-0.478697270154953,-3.698086738586426,-1.05332350730896,-0.5538241267204285,-5.1953606605529785,-0.2088700383901596,-5.288929462432861,-3.3184194564819336,0.31688693165779114,-0.3239835500717163,-1.6785848140716553,-1.8163223266601562,-2.2047390937805176,-0.696739912033081,-0.6744940280914307,-2.601234197616577,-0.33888164162635803,-1.9016271829605103,-2.9682822227478027,-3.6961870193481445,-3.2837352752685547,-1.8123500347137451,-4.159909248352051,-2.382784605026245,-3.2637760639190674,-1.167269229888916,-2.555774211883545
lh_G_cuneus_thickness,-1.0402309894561768,1.4978582859039307,0.15571792423725128,-0.5582190752029419,0.8449209928512573,0.2990526258945465,-0.992331862449646,-1.3550565242767334,1.5846807956695557,1.1276638507843018,3.9591805934906006,-0.09788397699594498,-0.974448561668396,-0.4976651668548584,-0.36107099056243896,2.239501714706421,-1.0092140436172485,-0.39149630069732666,1.1372987031936646,1.0858869552612305,0.0403447188436985,-2.099872350692749,0.3093220889568329,-0.28275570273399353,0.606894314289093,-0.7550680041313171,-1.3565592765808105
lh_G_front_inf-Opercular_thickness,0.5778736472129822,1.3383413553237915,0.9693521857261658,0.7652295231819153,1.0940607786178589,0.03949452191591263,0.4128466546535492,1.003943681716919,0.9518734216690063,0.6127305626869202,-0.7396014928817749,0.15771417319774628,0.26639610528945923,-0.09519686549901962,0.07513001561164856,0.8630606532096863,0.546707034111023,0.8958155512809753,0.7377930879592896,0.6636441946029663,1.8138152360916138,0.930941641330719,0.42753687500953674,0.7349427342414856,0.49126923084259033,0.7446147799491882,0.9351003170013428
lh_G_front_inf-Orbital_thickness,0.5088549852371216,0.7432296276092529,1.1942119598388672,0.9162776470184326,0.9307361245155334,0.34166720509529114,0.6380150318145752,0.6417263746261597,0.2640805244445801,0.42158347368240356,-0.01342674158513546,0.32337135076522827,0.05843685194849968,-0.21873903274536133,-0.1467193067073822,0.727699875831604,1.0854207277297974,0.32770511507987976,-0.02169935032725334,0.23090457916259766,0.3298850357532501,0.704646646976471,0.0679519772529602,0.4301592707633972,0.48346227407455444,1.7742044925689697,0.14048434793949127
lh_G_front_inf-Triangul_thickness,-0.09712427854537964,1.4482864141464233,0.3866575360298157,0.050308723002672195,0.8058344125747681,-0.20046637952327728,0.7468841671943665,0.6987429857254028,0.26745447516441345,0.7840254902839661,-0.2562820613384247,-0.4281713366508484,-0.16720156371593475,-0.48180389404296875,-0.002282940549775958,-0.15057092905044556,1.7199835777282715,-0.14406034350395203,0.24196366965770721,-0.025467487052083015,0.3769862949848175,0.6108537316322327,0.5981881022453308,-0.16951918601989746,-0.4501940906047821,1.1203131675720215,0.19408589601516724
lh_G_front_middle_thickness,-0.9124202728271484,1.4879357814788818,-0.9784353375434875,-1.0819772481918335,1.003820538520813,-1.0251308679580688,1.2236653566360474,0.9215177893638611,0.2590976357460022,0.8668112754821777,-0.6692023873329163,-0.4857330322265625,-0.2710552215576172,-1.05424964427948,-0.6208958029747009,-0.6170274019241333,1.9431641101837158,0.5487775802612305,1.0764379501342773,0.45567864179611206,0.4566318392753601,0.9586400389671326,0.5266706943511963,-0.25233837962150574,-0.1809512823820114,-0.4794784486293793,-0.3077293634414673
lh_G_front_sup_thickness,0.048699308186769485,0.4028187692165375,0.651175856590271,0.1985185593366623,0.029997117817401886,-0.3184633255004883,0.3575149178504944,0.24208995699882507,0.14731106162071228,0.3047880232334137,-1.5334354639053345,-1.0195287466049194,-0.6139811873435974,-1.427357792854309,-1.1116746664047241,-0.3738515377044678,1.3410937786102295,1.0283385515213013,0.31493455171585083,-0.02403278835117817,-0.009590834379196167,0.6173224449157715,0.26481109857559204,0.11682523041963577,-0.005130922421813011,-1.0020439624786377,0.0582377128303051
lh_G_Ins_lg&S_cent_ins_thickness,3.190284252166748,-0.542391836643219,1.2259539365768433,2.2297568321228027,1.2165669202804565,3.8369107246398926,-0.570834755897522,1.4849728345870972,-0.21757236123085022,-1.7671034336090088,-0.19157123565673828,1.26052987575531,2.582192897796631,1.7089238166809082,1.3359954357147217,-0.7121791839599609,-1.9617661237716675,1.3285855054855347,-0.5060719847679138,0.8283042907714844,0.695609450340271,0.9972547292709351,0.23090770840644836,1.8014390468597412,-0.06254839897155762,1.584048867225647,2.3649539947509766
lh_G_insular_short_thickness,3.0062127113342285,0.46708792448043823,1.3685566186904907,2.0990219116210938,1.2500255107879639,3.021655559539795,-0.31484389305114746,1.6170029640197754,0.5949930548667908,-0.6638578176498413,-0.8210938572883606,1.5651525259017944,1.8696461915969849,1.5336464643478394,1.1815266609191895,-0.2666068375110626,-0.5275300145149231,1.9199044704437256,0.3787707984447479,0.37451842427253723,0.9902172684669495,1.493658185005188,-0.047374967485666275,1.9766424894332886,-0.26018375158309937,1.4486786127090454,1.1630840301513672
lh_G_occipital_middle_thickness,-0.7426165342330933,0.9502332806587219,-0.5259336829185486,-0.5205862522125244,0.7449672818183899,-0.7598110437393188,0.8484020233154297,0.5418274998664856,-1.2025924921035767,-0.2246553748846054,0.7505400776863098,-1.463545322418213,-0.0447310209274292,-1.0915279388427734,-1.4186415672302246,0.10222575068473816,0.2563605010509491,-0.34289658069610596,0.8727781772613525,1.2293283939361572,-0.1346837878227234,-0.8080086708068848,0.9661917686462402,-0.16409622132778168,1.0401443243026733,-0.8251155614852905,-0.7454471588134766
lh_G_occipital_sup_thickness,-1.4989579916000366,0.33085158467292786,-1.6908588409423828,-1.7159690856933594,-0.039788778871297836,-1.0769615173339844,-0.3630615472793579,-0.7010485529899597,-0.29297468066215515,0.12597960233688354,2.1941866874694824,-1.5485259294509888,-0.7898913025856018,-1.321053147315979,-1.879082441329956,0.23551882803440094,-0.22583061456680298,-0.7473995685577393,0.09469203650951385,0.6998714208602905,-0.852044403553009,-1.8212087154388428,0.686535120010376,-0.7121075987815857,0.46233752369880676,-2.4623360633850098,-1.1933352947235107
lh_G_oc-temp_lat-fusifor_thickness,0.6043042540550232,-1.0486350059509277,0.9468529224395752,0.8436419367790222,-0.42020636796951294,0.2558245360851288,0.025011684745550156,0.31637027859687805,-0.21202123165130615,-0.29629209637641907,-0.2025943100452423,0.4993792772293091,0.1430208384990692,0.1599084734916687,0.663536787033081,0.14155718684196472,-1.2310006618499756,-0.41313204169273376,0.1401585340499878,-0.6381450891494751,-0.5985473990440369,-0.40485554933547974,-0.2570813298225403,-0.11905984580516815,0.7118585109710693,1.6527513265609741,-0.9424822926521301
lh_G_oc-temp_med-Lingual_thickness,-0.9581236839294434,0.0054636746644973755,0.22588591277599335,-0.6231995820999146,-1.71965754032135,0.2003234624862671,-2.4889512062072754,-1.710793137550354,1.637923002243042,1.1418628692626953,2.203258514404297,0.38444098830223083,-1.3881174325942993,-0.08057758957147598,0.12379100918769836,1.506745457649231,-1.423905372619629,-1.1459057331085205,1.0654311180114746,-1.2396271228790283,-1.2325105667114258,-2.0986483097076416,-1.4516184329986572,0.03203269839286804,-0.7535396218299866,0.9897892475128174,-1.6629557609558105
lh_G_oc-temp_med-Parahip_thickness,1.4102332592010498,-2.8527145385742188,-1.1395727396011353,0.2179352194070816,-3.432901620864868,1.674527883529663,-1.8093934059143066,-1.1741474866867065,-1.496368646621704,-2.4509124755859375,-0.9454631805419922,-1.7317143678665161,0.22634030878543854,0.6361237168312073,0.5519188642501831,-2.4624247550964355,-1.0636167526245117,-0.922268807888031,-2.879333257675171,-2.693983316421509,-2.7646543979644775,-0.713503897190094,-1.9782941341400146,-3.6934266090393066,-2.188321113586426,0.9003463387489319,-0.997915506362915
lh_G_orbital_thickness,1.1147289276123047,0.007802997715771198,1.6614912748336792,1.3463950157165527,-0.23007254302501678,0.9358873963356018,-0.11719948053359985,0.9874150156974792,-0.14612413942813873,-0.09574946761131287,-0.60064297914505,0.7613252997398376,0.2547379732131958,-0.1646042913198471,-0.9699118137359619,0.090452641248703,0.8870217800140381,0.5929080843925476,0.4669073224067688,0.16382749378681183,-0.42192667722702026,1.0159143209457397,-0.8218628764152527,0.292631059885025,0.2570861279964447,1.1705268621444702,0.3128874897956848
lh_G_pariet_inf-Angular_thickness,-0.5764983892440796,0.6661158204078674,-0.42455586791038513,-0.22805723547935486,1.1075619459152222,-0.9215436577796936,1.4228036403656006,1.0689597129821777,-0.2062101811170578,0.5723345279693604,-0.5976254343986511,-0.7987957000732422,0.34665071964263916,-1.4453778266906738,-1.6746877431869507,0.12382888793945312,1.2988276481628418,0.07305034250020981,0.8301610350608826,1.3544948101043701,0.7026112675666809,0.22978642582893372,0.667053759098053,-0.4013383090496063,1.2064032554626465,-0.5350124835968018,-0.7371880412101746
lh_G_pariet_inf-Supramar_thickness,-0.3107757270336151,0.5599461197853088,-0.2863272726535797,-0.04931056872010231,0.8565008640289307,-0.6066290736198425,0.8012389540672302,1.424066424369812,-0.03670744225382805,-0.06388096511363983,-0.34757930040359497,-0.5991802215576172,0.5411486029624939,-0.8345361351966858,-0.7964624166488647,-0.2140263170003891,0.16149775683879852,0.17806659638881683,0.47214484214782715,1.0871429443359375,1.218335509300232,0.66083824634552,1.01116943359375,-0.1656852662563324,0.9750963449478149,-0.08393201977014542,0.012841450981795788
lh_G_parietal_sup_thickness,-1.1336126327514648,-0.34718626737594604,-1.4403303861618042,-1.2958141565322876,0.08748015016317368,-1.152740478515625,-0.10470451414585114,-0.2034323662519455,-0.4493640065193176,0.17521144449710846,-0.747140109539032,-1.3489084243774414,-0.5656362771987915,-1.716379165649414,-1.2887128591537476,-1.087943434715271,0.6174078583717346,-0.3574348986148834,0.06660893559455872,0.33988845348358154,-0.1398940086364746,-0.2950441241264343,0.4059613049030304,-0.9866538643836975,0.4087522625923157,-1.9688050746917725,-0.7875174880027771
lh_G_postcentral_thickness,-1.3206126689910889,0.05465090274810791,-1.827191948890686,-1.788212776184082,-0.420910507440567,-1.0624479055404663,0.3167925775051117,0.2904781699180603,-0.6029683947563171,-0.11645064502954483,-0.45091792941093445,-2.421165704727173,-0.5807824730873108,-1.5016816854476929,-2.024082660675049,-1.0897279977798462,0.24284812808036804,-0.23290316760540009,-0.11664507538080215,0.33646509051322937,-0.5752304196357727,-0.8932949900627136,1.9491568803787231,-1.1622306108474731,0.21998170018196106,-1.6898337602615356,0.06561543047428131
lh_G_precentral_thickness,-0.8999108672142029,0.582963764667511,-1.0066208839416504,-1.1723716259002686,-0.2117256373167038,-0.8770172595977783,0.8735794425010681,0.10807748883962631,-0.2533646821975708,0.22209985554218292,-1.11119544506073,-2.1863367557525635,-0.8957037329673767,-1.4769821166992188,-1.8117271661758423,-1.5762369632720947,0.9174492955207825,0.21544422209262848,0.1843585968017578,-0.30126333236694336,-0.6067641377449036,-0.21767814457416534,1.811942458152771,-0.18976248800754547,-0.4706224799156189,-1.0569572448730469,0.8039555549621582
lh_G_precuneus_thickness,-0.2970559000968933,-0.3265669345855713,0.28892782330513,0.3108965754508972,0.31577494740486145,-0.30872514843940735,-0.36872732639312744,-0.03330157324671745,1.0573073625564575,1.208382248878479,-0.3760669231414795,0.282336562871933,-0.4706280827522278,-0.7590768337249756,0.09559893608093262,0.6467826962471008,0.5644711256027222,0.11730075627565384,0.39281797409057617,0.7513280510902405,0.9950134754180908,-0.11871006339788437,0.1716121882200241,0.8212284445762634,0.9672147631645203,-0.047439511865377426,-0.5032368898391724
lh_G_rectus_thickness,0.622589111328125,-0.11735320836305618,0.5117149949073792,0.5665539503097534,-0.9419153332710266,0.1670600026845932,-0.5852400660514832,0.9973890781402588,0.27115556597709656,0.06624757498502731,-1.0395704507827759,1.5812760591506958,0.02313407137989998,0.11176694929599762,-0.54112309217453,-0.0742482915520668,0.3238261640071869,1.26204514503479,0.562642514705658,0.6591640710830688,0.34324541687965393,1.1857110261917114,-1.2851884365081787,0.5221372842788696,0.8562953472137451,0.6553921699523926,-0.04234584793448448
lh_G_subcallosal_thickness,1.2102725505828857,-0.8866065144538879,0.43225228786468506,1.2176188230514526,-0.9288344383239746,2.373347520828247,-0.9296871423721313,1.0163449048995972,0.11281438916921616,-1.1678491830825806,-0.4235379993915558,1.9663996696472168,2.439161539077759,5.068736553192139,2.7308599948883057,0.016232337802648544,-0.5380752682685852,4.1691179275512695,-1.0153216123580933,0.4856831133365631,0.7089640498161316,1.2371516227722168,-1.2951269149780273,0.17232471704483032,-0.037963952869176865,0.5543750524520874,1.2493749856948853
lh_G_temp_sup-G_T_transv_thickness,0.8648803234100342,-0.26861727237701416,2.494476318359375,1.8932442665100098,0.45246464014053345,2.197373867034912,-0.3693344295024872,-0.3373318910598755,1.126983642578125,0.7342978715896606,0.6459015607833862,0.6692281365394592,0.4236735999584198,0.45391905307769775,0.3717287480831146,1.2001595497131348,-0.4625701904296875,0.7566635012626648,1.8141511678695679,0.4704267680644989,1.118055820465088,-0.6568640470504761,0.9429884552955627,1.5103530883789062,0.09329137206077576,1.5995359420776367,2.7178401947021484
lh_G_temp_sup-Lateral_thickness,1.4509830474853516,-0.17625057697296143,1.770250916481018,2.1939504146575928,0.8358167409896851,0.9207778573036194,-0.5288775563240051,1.137054443359375,-1.182288408279419,-1.118165135383606,-1.0972278118133545,-1.0854034423828125,1.2574236392974854,-0.8215081095695496,-0.1510518342256546,-0.20857422053813934,-1.0665526390075684,0.2501572370529175,-0.32524779438972473,0.6966149806976318,0.705600917339325,0.17716915905475616,0.3609773814678192,-0.02795724757015705,0.525669276714325,0.33614251017570496,0.5626896023750305
lh_G_temp_sup-Plan_polar_thickness,2.266059398651123,-1.6616942882537842,-0.44302529096603394,1.0302773714065552,-0.8552160859107971,3.007744789123535,-2.0296647548675537,1.0961010456085205,-2.5426764488220215,-3.4575886726379395,-0.9853514432907104,-0.0896453857421875,1.8754127025604248,0.45910021662712097,1.3587210178375244,-1.863531470298767,-1.3799777030944824,-0.010975713841617107,-2.657073736190796,-0.4877212345600128,-1.1118024587631226,0.683840274810791,-1.467495083808899,-1.0199681520462036,-0.8787446618080139,1.0155662298202515,-0.19025471806526184
lh_G_temp_sup-Plan_tempo_thickness,0.5542147755622864,0.30429983139038086,1.2570189237594604,1.2424029111862183,0.9928261041641235,0.2659139931201935,0.2206742763519287,0.7806488871574402,-0.06760482490062714,-0.18029509484767914,-0.14161580801010132,-0.616305947303772,0.421122282743454,-0.4901285767555237,-0.033258795738220215,0.38631099462509155,-0.6100896000862122,0.014813545159995556,0.3527449071407318,0.6776828765869141,1.058406114578247,0.1836940050125122,0.8489454388618469,1.52223539352417,0.3568703234195709,0.2521451413631439,0.2905450165271759
lh_G_temporal_inf_thickness,1.4062896966934204,-0.6035024523735046,1.431006908416748,1.651884913444519,0.7066869139671326,-0.1840313822031021,-0.7277175188064575,0.574338436126709,-1.1982084512710571,-0.9585009813308716,-0.6821545362472534,0.22274163365364075,1.6663678884506226,-0.14670675992965698,0.6119362115859985,-0.5362828969955444,-0.07391776144504547,-0.7331222891807556,0.3193998336791992,0.6658526062965393,-0.11488605290651321,0.6345664262771606,-0.512096643447876,0.10026797652244568,0.6643210649490356,0.154120534658432,-0.6833556890487671
lh_G_temporal_middle_thickness,0.7401764392852783,0.02459120936691761,0.8305991291999817,1.0551362037658691,1.5079330205917358,-0.4296624958515167,-0.35059458017349243,0.7751867771148682,-1.205075979232788,-0.7153628468513489,-0.7283632755279541,-0.1788305789232254,1.5957781076431274,-0.5699856281280518,0.26823803782463074,0.005761280655860901,0.18795894086360931,-0.5009908676147461,0.1945866048336029,0.7104207873344421,0.5686239004135132,0.622557520866394,0.0642516240477562,0.10909152776002884,0.4304056465625763,0.5771707892417908,-0.3237939774990082
lh_Lat_Fis-ant-Horizont_thickness,-0.3088780641555786,0.3292574882507324,-0.18235516548156738,-0.3043365180492401,-0.023680618032813072,-0.21019914746284485,0.685048520565033,-0.6763900518417358,0.3418191075325012,0.37781378626823425,0.6474531292915344,-0.5475771427154541,-0.6001260876655579,0.5861158967018127,0.734422504901886,0.5323180556297302,1.368395209312439,-0.6598477959632874,-0.9382421970367432,-1.1647186279296875,0.3091849982738495,0.2166181206703186,-0.6420241594314575,0.6549239158630371,-0.30938318371772766,1.0738463401794434,0.20778128504753113
lh_Lat_Fis-ant-Vertical_thickness,0.920086145401001,1.1300806999206543,1.6436283588409424,1.0394649505615234,0.9700047969818115,0.5801213979721069,0.8116785883903503,0.4748689532279968,0.8603197932243347,0.539806604385376,0.2472255378961563,0.22447098791599274,0.1815854012966156,0.7615693211555481,0.7624167799949646,1.2319778203964233,1.236918568611145,0.43932652473449707,-0.3183342218399048,0.49596795439720154,1.6684879064559937,0.7593193650245667,-0.16520251333713531,0.7728763818740845,1.1989620923995972,0.9181464314460754,0.5500526428222656
lh_Lat_Fis-post_thickness,-0.34746667742729187,-1.9126464128494263,-0.14100958406925201,-0.28319215774536133,-1.428852915763855,0.6946625709533691,-0.09015209227800369,-2.060049295425415,0.1884874850511551,-0.10257542133331299,1.0585250854492188,-0.2964630424976349,-0.7680364847183228,0.5668932795524597,0.16040627658367157,-0.24759046733379364,-0.2991209328174591,-1.2519365549087524,-1.1129356622695923,-2.1476035118103027,-1.0338642597198486,-0.6812180876731873,-0.9588446617126465,1.106906771659851,-2.377230644226074,-1.2542123794555664,0.1827128827571869
lh_Pole_occipital_thickness,-1.6121374368667603,0.9532815217971802,-1.5338521003723145,-1.859045386314392,0.029059618711471558,-1.0392959117889404,-0.8068374395370483,-0.8384171724319458,-0.12066226452589035,0.21849796175956726,2.7774832248687744,-1.3121675252914429,-1.1119656562805176,-0.8193193078041077,-1.479048490524292,1.6173672676086426,-0.3072400689125061,-0.6196097731590271,1.7765449285507202,0.6391106247901917,-1.7383577823638916,-2.2736082077026367,0.18223096430301666,-1.146952748298645,0.1845790445804596,-2.740985155105591,-1.2653722763061523
lh_Pole_temporal_thickness,2.9658257961273193,-1.7541934251785278,0.8487529754638672,1.8265742063522339,-0.5433894395828247,1.7114753723144531,-2.122523784637451,1.1704115867614746,-2.508829116821289,-2.5722339153289795,-0.8514894247055054,-0.06514854729175568,2.317502975463867,0.10130931437015533,1.4220898151397705,-1.6310575008392334,-0.9078170657157898,-0.7845052480697632,-1.6764284372329712,0.11116502434015274,-0.6644916534423828,0.9402668476104736,-1.9021869897842407,-0.614550769329071,-0.29248908162117004,1.3492090702056885,-0.818732500076294
lh_S_calcarine_thickness,-0.6374586820602417,1.2500908374786377,0.7063560485839844,-0.1490652859210968,-0.2898358106613159,0.8414703011512756,-1.3637361526489258,-1.7990871667861938,0.5823016166687012,0.34903663396835327,1.8532544374465942,0.1898130625486374,-1.131341576576233,-0.039617326110601425,-0.3249039053916931,1.721666693687439,-1.2652857303619385,-0.7323249578475952,-0.3237963616847992,0.04101930186152458,-0.8330429792404175,-1.8565654754638672,-0.6975138187408447,-0.5234240293502808,0.0005656135035678744,-0.13763095438480377,-0.9781634211540222
lh_S_central_thickness,-0.8610764145851135,-0.7228418588638306,-0.8554337024688721,-1.0412602424621582,-1.3415288925170898,-0.3012743592262268,-0.2270476371049881,-1.5670101642608643,0.7350699305534363,0.6703832149505615,1.0067673921585083,-1.6312189102172852,-1.267496943473816,-0.34708404541015625,-0.1797497272491455,-1.7581055164337158,0.14680452644824982,-1.035080909729004,-0.5707287192344666,-1.7657129764556885,-1.5149396657943726,-1.3142852783203125,1.2503032684326172,-0.6419780850410461,-1.9056440591812134,-0.7024592757225037,1.4875856637954712
lh_S_cingul-Marginalis_thickness,-0.5209565162658691,-0.5300770998001099,-0.5732675194740295,-0.4710941016674042,0.1183251440525055,-0.4300589859485626,0.23920072615146637,0.2566157579421997,-0.16385476291179657,-0.18978190422058105,-0.4753120243549347,0.2067115306854248,-0.694191575050354,0.10514097660779953,0.12299209088087082,0.05857301875948906,0.21393103897571564,0.3008868396282196,-0.30482545495033264,0.10081453621387482,0.796485424041748,0.1708715409040451,0.640683650970459,-0.3721872866153717,0.5067452788352966,-0.4932555556297302,0.5057056546211243
lh_S_circular_insula_ant_thickness,0.6251065731048584,-0.240189328789711,0.018874110653996468,0.1392303705215454,0.39002999663352966,0.9628028273582458,-0.19479651749134064,0.08415017277002335,0.37044641375541687,-0.24373644590377808,0.006503938231617212,0.7519893050193787,1.0583350658416748,1.8889082670211792,1.418009877204895,-0.1367274671792984,0.500439465045929,0.3542061746120453,-0.9385375380516052,-0.6545917987823486,-0.23850886523723602,1.238990306854248,-1.0033451318740845,1.8696720600128174,-1.0562939643859863,0.7474952340126038,0.3040924370288849
lh_S_circular_insula_inf_thickness,1.002172827720642,-1.2768677473068237,-0.14528074860572815,0.27500027418136597,0.39330562949180603,1.5499310493469238,-0.43387913703918457,0.5637938976287842,-0.7052181363105774,-1.7119016647338867,-0.09349915385246277,0.9517311453819275,2.253631353378296,1.4544109106063843,1.1360350847244263,-0.9835577607154846,-1.1165651082992554,0.8369893431663513,-0.752514123916626,0.029818696901202202,-0.8140671849250793,0.4348735511302948,-0.5162045955657959,-0.044767022132873535,-0.7263420820236206,1.0602858066558838,1.6821978092193604
lh_S_circular_insula_sup_thickness,-0.14591269195079803,-0.6214576363563538,-0.773399829864502,-0.5814194679260254,0.7333802580833435,0.21731145679950714,0.4421928822994232,-0.3291659355163574,-0.06292535364627838,-0.5195197463035583,0.3152584731578827,0.5630558729171753,1.2563707828521729,1.7622535228729248,1.370550513267517,-0.02094144932925701,-0.29720887541770935,0.04283285513520241,-1.0043179988861084,-0.5496077537536621,0.7915820479393005,0.902578592300415,-0.6755890250205994,1.2997294664382935,-0.593984842300415,-0.7617969512939453,1.7548179626464844
lh_S_collat_transv_ant_thickness,0.8006962537765503,-1.7968143224716187,0.07304544001817703,0.3033086359500885,0.514082133769989,-0.059600528329610825,-1.4382511377334595,0.38262486457824707,-1.5467438697814941,-1.462394118309021,-0.1375962346792221,-0.5651268362998962,1.4069050550460815,1.004563331604004,1.0377447605133057,-1.6527879238128662,-0.4347047507762909,-1.329872488975525,-2.220970630645752,-0.26859915256500244,-0.17972253262996674,-0.02112726680934429,-1.1876013278961182,-0.032998863607645035,-0.03817983344197273,0.13033731281757355,-1.0372717380523682
lh_S_collat_transv_post_thickness,-1.4546749591827393,-0.252017080783844,-1.7169384956359863,-1.7217227220535278,0.06600920110940933,-1.1288058757781982,-0.19719170033931732,-0.8269641995429993,0.2089388072490692,0.4924132823944092,1.8658088445663452,-0.20861952006816864,-0.46188536286354065,0.22124700248241425,-0.43270865082740784,-0.9964156746864319,-0.5291720628738403,-0.7544698715209961,-0.13142621517181396,0.1673130989074707,-1.2122386693954468,-2.114001989364624,-0.1753237545490265,-0.23270918428897858,0.5979869961738586,-0.08421577513217926,-1.2260828018188477
lh_S_front_inf_thickness,-0.7323077321052551,0.2314012348651886,-0.6817916035652161,-0.7810803055763245,-0.6005988121032715,-0.714485228061676,0.18253672122955322,-0.9840394258499146,0.9043987393379211,1.3542715311050415,0.26000475883483887,-0.10318897664546967,-0.9316371083259583,0.17177803814411163,0.4573379456996918,-0.8706790208816528,2.1064374446868896,-1.1676244735717773,-0.10227617621421814,-1.863439679145813,-0.2508907616138458,0.3163299858570099,-0.7144296169281006,0.1808796525001526,-2.267620801925659,-0.3964574337005615,0.0929647833108902
lh_S_front_middle_thickness,-0.7590869665145874,0.6364765167236328,-0.909342885017395,-0.8661648035049438,0.18464422225952148,-0.8834578990936279,-0.05364205315709114,0.07326092571020126,0.7036744356155396,0.9885443449020386,0.11863010376691818,0.06930986046791077,-0.3582036793231964,-0.17333172261714935,0.651037871837616,-1.0507479906082153,1.5320380926132202,-0.559281051158905,0.6609436273574829,-1.346805453300476,-0.40135636925697327,0.8542773127555847,-0.0818563774228096,0.31480303406715393,-1.988020658493042,-0.28705644607543945,-0.3338669538497925
lh_S_front_sup_thickness,-0.8871929049491882,0.1099701076745987,-0.9235020875930786,-1.0474196672439575,-0.31367945671081543,-1.0777733325958252,0.35297420620918274,-0.6495184302330017,0.32349058985710144,0.7940769195556641,-0.45803287625312805,-0.3183729946613312,-0.8497982025146484,-0.41508468985557556,0.3025575578212738,-1.1785993576049805,1.9607831239700317,-0.31405869126319885,0.11280015110969543,-1.409594178199768,-0.612084150314331,0.524053692817688,-0.5276176929473877,0.09273044019937515,-1.833417296409607,-0.5865963101387024,-0.25057536363601685
lh_S_interm_prim-Jensen_thickness,-1.1740796566009521,0.4782850742340088,-1.5706326961517334,-1.3380156755447388,1.7018320560455322,-1.3018481731414795,1.0355218648910522,1.0889875888824463,0.07724345475435257,0.6195719838142395,-0.1315130889415741,-0.45917049050331116,0.6908113360404968,-0.8124070167541504,0.02255053073167801,-0.52945876121521,1.0264638662338257,0.29793787002563477,-0.3413310647010803,1.2402244806289673,0.7977829575538635,0.5392383933067322,0.6949590444564819,-0.541685938835144,0.9148384928703308,-0.04891989380121231,-0.3181919455528259
lh_S_intrapariet&P_trans_thickness,-0.8582448363304138,-0.4763124883174896,-0.6568810343742371,-0.5857764482498169,-0.006096010096371174,-0.9088597297668457,0.0849255621433258,-0.7553555369377136,0.41209325194358826,1.200971245765686,0.0756089985370636,-0.4227818548679352,-0.7191615104675293,-0.5140855312347412,-0.16345684230327606,-0.9809809923171997,1.3583803176879883,-0.8190894722938538,-0.5649725794792175,-0.12388749420642853,-0.49697503447532654,-0.496954083442688,-0.09421849250793457,-0.03356318920850754,-0.5512776374816895,-0.8208751082420349,-0.8393654227256775
lh_S_oc_middle&Lunatus_thickness,-0.5262225866317749,0.45442652702331543,0.3029528260231018,-0.0070602684281766415,-0.0615936815738678,-0.3069321811199188,-0.16888870298862457,-0.991950273513794,-0.7652705907821655,0.32286134362220764,1.2956383228302002,-1.3763169050216675,-0.8469665050506592,-0.48691698908805847,-0.4928419888019562,-1.2165424823760986,0.487369567155838,-1.3394575119018555,-0.9917315244674683,-0.1867227554321289,-1.483515739440918,-1.7214632034301758,-0.10209862142801285,-0.3582584261894226,-0.5818299651145935,-1.08307683467865,-1.1907099485397339
lh_S_oc_sup&transversal_thickness,-0.6461142897605896,-0.018239403143525124,0.1299314647912979,-0.15921562910079956,-0.2837209403514862,-0.3651468753814697,-0.15750327706336975,-0.8921731114387512,-0.44768789410591125,0.5554093718528748,1.0307050943374634,-0.9904548525810242,-0.9319395422935486,-0.4383910298347473,-0.36470848321914673,-0.5047923922538757,0.5801679491996765,-1.0789971351623535,-1.028232455253601,-0.06282583624124527,-1.113081693649292,-1.459987998008728,0.1327264904975891,0.14397075772285461,-0.4914650619029999,-0.9734938144683838,-1.1127740144729614
lh_S_occipital_ant_thickness,-0.24670451879501343,-0.8846633434295654,-0.0859069749712944,-0.061224229633808136,0.34127098321914673,-0.49585485458374023,-0.6829113364219666,-1.0078537464141846,-0.7539439797401428,-0.09255138039588928,0.48117420077323914,-0.39007633924484253,-0.2284538745880127,-0.05381368100643158,0.3609749376773834,-1.0301611423492432,-0.13398446142673492,-1.2919909954071045,-0.1145600974559784,-0.376592218875885,-0.10767953842878342,-0.6287728548049927,-0.51808100938797,-0.1799786239862442,-0.5663514733314514,-0.4488300085067749,-0.4945731461048126
lh_S_oc-temp_lat_thickness,0.5888878703117371,-1.204735517501831,0.7608194947242737,0.9991896152496338,-0.00950561836361885,-0.1306610405445099,-1.2188345193862915,-0.7634981274604797,-1.0597444772720337,-0.543885350227356,-0.02904483862221241,0.44569990038871765,-0.0014067236334085464,0.40893328189849854,0.3101206421852112,-0.8591891527175903,-0.06361991167068481,-1.6233552694320679,-0.7724238038063049,-0.7433158755302429,-0.5245184302330017,-0.31172773241996765,-1.0834612846374512,-0.2406807541847229,-0.942111611366272,0.17034316062927246,-1.0403318405151367
lh_S_oc-temp_med&Lingual_thickness,0.937271773815155,-1.0839462280273438,0.7197973132133484,0.7521898746490479,-0.03949248790740967,0.7805701494216919,-0.49918943643569946,0.08056813478469849,-0.9496666193008423,-0.9956083297729492,0.7965210676193237,0.5570436716079712,0.6625094413757324,0.4681219756603241,-0.11022569239139557,0.16498346626758575,-1.1407619714736938,-0.702976644039154,-1.045888066291809,0.1706533282995224,0.030797889456152916,-0.7925673127174377,-0.4728529155254364,-0.4166110157966614,0.6216317415237427,0.20292656123638153,-0.8394773602485657
lh_S_orbital_lateral_thickness,-0.39351725578308105,1.2675660848617554,-0.19651006162166595,-0.25433143973350525,0.9607575535774231,-0.6347351670265198,0.14803026616573334,0.754892110824585,0.312032550573349,0.9080542325973511,0.2545441687107086,0.127877339720726,0.007112768013030291,-0.578985333442688,-0.17525000870227814,-0.9812102317810059,1.99955415725708,-0.45662611722946167,0.16417673230171204,-0.5652070045471191,-0.3260210156440735,0.9015305042266846,0.38614729046821594,-0.06262640655040741,-1.6708275079727173,0.35952436923980713,0.15179331600666046
lh_S_orbital_med-olfact_thickness,0.5284950137138367,-0.13340741395950317,0.40148526430130005,0.38450244069099426,-0.30716249346733093,0.32485508918762207,-0.6145190000534058,1.1108615398406982,-0.25345757603645325,-0.45538529753685,-0.22965626418590546,1.9105138778686523,0.8215649724006653,1.5544668436050415,0.9353070259094238,-0.9666850566864014,0.7776084542274475,1.4688807725906372,-0.41787004470825195,0.24877554178237915,0.19749104976654053,1.0609644651412964,-0.9433760643005371,0.6307361721992493,0.2589852809906006,1.749094009399414,0.7457226514816284
lh_S_orbital-H_Shaped_thickness,0.4540322422981262,0.2345675230026245,1.0332978963851929,0.6455935835838318,-0.46327531337738037,0.07759300619363785,-1.1818344593048096,-0.5540291666984558,-0.05292303487658501,0.2590133845806122,0.11659438163042068,0.011739418841898441,-0.36884546279907227,0.18220749497413635,-0.01713094674050808,-0.34300875663757324,1.4049543142318726,-0.9116259813308716,-0.5344900488853455,-1.878585934638977,-0.8695014715194702,0.6535905599594116,-1.1602100133895874,0.8881337642669678,-1.9718818664550781,0.9404623508453369,-0.5952008366584778
lh_S_parieto_occipital_thickness,-0.6019575595855713,0.674907922744751,0.1651722937822342,0.030985722318291664,0.996575117111206,0.13589870929718018,-0.03240133821964264,-0.694251537322998,0.32309427857398987,0.768551230430603,1.2502106428146362,0.3507877290248871,-0.5830458998680115,0.08942097425460815,0.0909583568572998,1.1732875108718872,0.42668071389198303,0.05489526316523552,0.2872372567653656,0.8446550965309143,0.41864272952079773,-1.165346384048462,0.45919764041900635,0.5347054600715637,1.0438144207000732,0.12067840993404388,-0.7838068604469299
lh_S_pericallosal_thickness,-1.3477275371551514,-2.270092487335205,-1.2537308931350708,-1.3614495992660522,-2.7554380893707275,-0.42959028482437134,-2.0290305614471436,-2.0114810466766357,-5.214950084686279,-4.236250400543213,-0.43112847208976746,-1.2264825105667114,-1.6054019927978516,0.41223451495170593,-0.319105863571167,-2.708997964859009,-1.573498010635376,-1.2992644309997559,-3.1144638061523438,-2.7616147994995117,-2.648235559463501,-1.2317451238632202,-1.9078646898269653,-3.3569419384002686,-2.734436511993408,-0.1567191481590271,0.5906755328178406
lh_S_postcentral_thickness,-0.8676136136054993,-0.6287848949432373,-1.1097956895828247,-0.9723912477493286,-0.3347306549549103,-0.9474895000457764,-0.27253443002700806,-0.5762059092521667,-0.2649897336959839,0.0031187310814857483,0.17240047454833984,-0.7055702805519104,-0.5334143042564392,-0.5526852011680603,-0.32429495453834534,-0.95784991979599,-0.031092444434762,-0.7190713882446289,-0.8302654027938843,-0.43757277727127075,-0.3807936906814575,-0.13784436881542206,0.21879303455352783,-0.4643036127090454,-0.5480088591575623,-0.9148720502853394,-0.13227097690105438
lh_S_precentral-inf-part_thickness,0.30639514327049255,-0.0059500765055418015,0.9743486642837524,0.615743100643158,-0.6048570275306702,-0.11683247238397598,0.09126680344343185,-1.2010209560394287,0.8487737774848938,1.0602750778198242,-0.28110942244529724,-0.8577883839607239,-0.9073575139045715,0.0897195041179657,0.20763304829597473,-0.5370438694953918,1.3924729824066162,-1.069915533065796,-0.46214014291763306,-1.7336699962615967,-0.24073858559131622,0.3384101986885071,-0.7038447856903076,0.9647988080978394,-2.309661388397217,-0.6951982975006104,0.4096490144729614
lh_S_precentral-sup-part_thickness,-0.5839018225669861,-0.16446341574192047,-0.2615666091442108,-0.665095865726471,-1.0368049144744873,-0.7170392274856567,0.17529210448265076,-1.3055671453475952,0.14723990857601166,0.5864176154136658,-0.3713575601577759,-0.8279327154159546,-1.2696319818496704,-0.5886520743370056,-0.0660608559846878,-1.6307812929153442,0.7971611618995667,-0.5944930911064148,-0.09629210829734802,-2.1900691986083984,-0.8683986663818359,0.11315084248781204,-0.09247980266809464,0.19678840041160583,-2.3080763816833496,-1.020953893661499,0.2773715853691101
lh_S_suborbital_thickness,-0.7516520023345947,0.24467672407627106,-1.1784305572509766,-1.1281057596206665,0.7283673882484436,-0.7844060659408569,-0.06716367602348328,1.6175891160964966,0.5974389910697937,0.11999564617872238,-0.0988156646490097,2.1763052940368652,0.2260996401309967,0.6163190603256226,1.7774111032485962,1.1576802730560303,0.22863627970218658,1.912434697151184,0.15814311802387238,0.7499475479125977,1.4096256494522095,1.3256704807281494,-0.44176560640335083,0.9019308686256409,1.5890300273895264,1.0274298191070557,0.22731062769889832
lh_S_subparietal_thickness,-0.42896902561187744,-0.08714927732944489,-0.02078275755047798,0.021877551451325417,1.1165320873260498,-0.34134986996650696,0.7914541363716125,0.37766024470329285,0.6539484858512878,0.8534219861030579,-0.2173967808485031,1.0385398864746094,-0.35532060265541077,0.24501852691173553,0.6118053197860718,1.210851788520813,0.882141649723053,0.5620799660682678,0.285221666097641,0.9857044219970703,1.3155624866485596,0.19072790443897247,0.31783929467201233,0.4994755983352661,1.2599114179611206,0.663313090801239,0.30236464738845825
lh_S_temporal_inf_thickness,0.5551945567131042,-1.1230571269989014,0.5122077465057373,0.7854862213134766,0.37554821372032166,-0.5637534856796265,-1.4610240459442139,-0.5759673714637756,-1.153489112854004,-0.5959585309028625,-0.1420125812292099,-0.2488204836845398,0.6635783314704895,0.14015167951583862,0.9069235920906067,-1.4847614765167236,0.49235445261001587,-1.7779077291488647,-0.43241995573043823,-1.2474390268325806,-0.4104202687740326,0.1511116772890091,-1.1045911312103271,0.39035114645957947,-1.461210012435913,-0.38380882143974304,-0.7108056545257568
lh_S_temporal_sup_thickness,-0.2548810541629791,-0.7442392706871033,-0.45892512798309326,-0.24923749268054962,0.3780041038990021,-0.659086287021637,-0.5549283027648926,-0.37925800681114197,-0.6391342878341675,-0.26763221621513367,-0.11568843573331833,0.12048938870429993,0.3753223419189453,0.10524800419807434,0.5770425796508789,-0.64002525806427,-0.19317488372325897,-0.9435215592384338,-0.6602915525436401,-0.3154023289680481,-0.06929132342338562,0.15709728002548218,-0.6516046524047852,0.17656338214874268,-0.5602709650993347,-0.2908516824245453,-0.18081343173980713
lh_S_temporal_transverse_thickness,1.0680087804794312,-0.8404595255851746,2.750821828842163,2.2332677841186523,-0.12182389944791794,1.9952075481414795,-0.30122074484825134,-1.2797586917877197,0.6515015363693237,0.6902690529823303,0.9840871691703796,-0.2929762601852417,-0.2652435898780823,0.3099117875099182,0.32350099086761475,0.36881524324417114,-0.05981496721506119,-0.19679082930088043,0.7345691919326782,-1.1424564123153687,-0.262114018201828,-1.102272391319275,0.24518463015556335,2.732088327407837,-1.3235996961593628,1.037611484527588,1.7163125276565552
rh_G&S_frontomargin_thickness,0.6923400163650513,1.095564603805542,1.3392612934112549,1.0874063968658447,-0.13043779134750366,0.03625138849020004,1.2531483173370361,1.1173148155212402,-0.0871657207608223,0.37518805265426636,-0.2953200936317444,1.2167178392410278,-0.1527079939842224,-1.0040160417556763,-2.2065930366516113,0.49806225299835205,0.8949025869369507,0.3865722715854645,1.8839410543441772,0.6223331093788147,-0.3058869242668152,1.0753921270370483,-0.01013947743922472,-0.8532238006591797,0.5295156836509705,0.39396336674690247,-0.269736111164093
rh_G&S_occipital_inf_thickness,-0.5497140884399414,0.2855120599269867,-0.3038998544216156,-0.46297428011894226,0.48198264837265015,-0.7117106914520264,0.24205484986305237,-0.16310983896255493,-0.7382521629333496,-0.22252261638641357,1.3316030502319336,-0.6379635334014893,0.14672935009002686,-0.3445042371749878,-0.14521466195583344,0.2949727773666382,-0.9275540113449097,-0.7476668953895569,0.541728675365448,1.0654160976409912,-0.5098111629486084,-1.1799983978271484,0.39278754591941833,-0.3150123655796051,1.0036120414733887,0.33820345997810364,-1.036985993385315
rh_G&S_paracentral_thickness,-0.718140721321106,-0.9634823203086853,-0.9735296368598938,-1.029516577720642,-1.0732672214508057,-0.05945863574743271,-0.33017122745513916,-0.8330222368240356,0.4177975654602051,0.3320581316947937,-1.0312305688858032,-2.081763982772827,-1.3517634868621826,-1.8279410600662231,-1.4566434621810913,-1.0025367736816406,0.0827772244811058,-0.018282568082213402,-0.9397590756416321,-0.7120328545570374,-1.1556931734085083,-1.1021053791046143,2.5088586807250977,-0.6453567147254944,-0.3773764371871948,-0.8490014672279358,0.7454100251197815
rh_G&S_subcentral_thickness,0.672631561756134,0.37761110067367554,0.6775764226913452,0.843524158000946,0.16744743287563324,0.308263897895813,0.4491153061389923,0.7082993388175964,0.13809837400913239,-0.33102649450302124,-0.8119105100631714,-0.3143341541290283,0.025120869278907776,-0.06816352158784866,-0.2737494111061096,0.9280799627304077,-1.160152792930603,0.5338977575302124,0.3877852261066437,0.7859034538269043,1.3837575912475586,0.1368429809808731,1.7416701316833496,0.19358615577220917,1.0091558694839478,-0.20192408561706543,1.1272937059402466
rh_G&S_transv_frontopol_thickness,0.6526581048965454,0.7461133003234863,1.275797724723816,0.9474910497665405,-0.2796725332736969,-0.0006215315661393106,1.28408682346344,1.3628787994384766,-0.2466621994972229,0.3880709707736969,-0.8814747929573059,0.32563111186027527,-0.38108500838279724,-1.399375319480896,-3.2512221336364746,0.10740596801042557,0.9482669234275818,0.4318926930427551,1.7308340072631836,0.8309771418571472,0.011592878960072994,0.7943097352981567,-0.7054887413978577,-1.9417595863342285,0.7795414924621582,-0.4907782971858978,-0.5834866762161255
rh_G&S_cingul-Ant_thickness,-0.6015490889549255,0.6790779829025269,-1.022245168685913,-0.9468725323677063,0.4700361490249634,-0.7328425049781799,0.31646209955215454,1.2380720376968384,0.4585440754890442,-0.18764282763004303,-0.19219473004341125,1.3027106523513794,0.24663785099983215,0.41457727551460266,1.6941994428634644,0.4961678087711334,0.18629427254199982,1.965896725654602,0.02142716757953167,0.2543144226074219,1.4510043859481812,1.7030572891235352,0.03994124010205269,0.5281084179878235,0.29459673166275024,0.4359816610813141,0.2987772226333618
rh_G&S_cingul-Mid-Ant_thickness,-0.6077583432197571,0.628422737121582,-0.8935099840164185,-0.9385927319526672,-0.4022277295589447,-0.5079346299171448,1.0894436836242676,0.719743549823761,0.5476399064064026,-0.06586765497922897,-0.35216760635375977,0.5772019028663635,-0.16340585052967072,0.2770565450191498,1.2519556283950806,0.5479280352592468,-0.0645216628909111,1.928651213645935,0.32326456904411316,-0.006462366785854101,0.9673070311546326,1.4994277954101562,0.6925638318061829,0.12838990986347198,-0.03900666534900665,0.5739243626594543,2.04294753074646
rh_G&S_cingul-Mid-Post_thickness,-0.4768386781215668,-0.16258911788463593,-0.7600058317184448,-0.6797800064086914,-1.1890068054199219,-0.0173429474234581,0.62392258644104,0.063041552901268,0.1599520742893219,-0.3330061733722687,-0.30965372920036316,0.7013316750526428,-0.8022365570068359,0.32885605096817017,0.6626937389373779,0.5596745014190674,-0.46588173508644104,0.7451844215393066,-0.024197226390242577,-0.3610905408859253,0.5616649389266968,0.8710945248603821,1.058160662651062,-0.26788702607154846,-0.30270713567733765,0.23772399127483368,2.716684341430664
rh_G_cingul-Post-dorsal_thickness,-0.7932179570198059,-0.6031786799430847,-0.45693615078926086,-0.558806300163269,-0.5303197503089905,-0.4435327649116516,0.035181909799575806,-0.7047455310821533,1.563306450843811,1.2423441410064697,-0.376438707113266,1.6025199890136719,-1.0069825649261475,0.301595538854599,0.6296640634536743,1.4213577508926392,0.35451844334602356,-0.2954695522785187,-0.041344113647937775,-0.33696284890174866,0.8175681233406067,0.17093151807785034,-0.6720983386039734,0.8863039016723633,-0.29110249876976013,1.3078627586364746,0.8657047748565674
rh_G_cingul-Post-ventral_thickness,-0.15431581437587738,-3.2866978645324707,-0.7987182140350342,-0.10605571419000626,-3.7329952716827393,0.14978092908859253,-2.9231338500976562,-2.6579372882843018,-0.06348570436239243,-0.33960530161857605,-1.2563984394073486,-1.2305824756622314,-1.8915272951126099,-0.5598152875900269,-0.7293287515640259,-0.6502217650413513,-0.5302578210830688,-1.5119985342025757,-2.0172832012176514,-2.9235615730285645,-2.3111798763275146,-1.6540077924728394,-3.168163776397705,-1.877387523651123,-1.879549264907837,-1.9238427877426147,-1.174957513809204
rh_G_cuneus_thickness,-1.004171371459961,1.1111091375350952,-0.025068508461117744,-0.6086535453796387,0.8465609550476074,0.12576855719089508,-0.546836256980896,-1.3042799234390259,1.8900039196014404,1.2902417182922363,3.861234426498413,-0.06316297501325607,-0.8728976249694824,-0.5809413194656372,-0.17315061390399933,1.3328402042388916,-1.9788058996200562,-0.33381903171539307,1.0573363304138184,1.0619490146636963,0.039846502244472504,-2.074449062347412,0.29973161220550537,-0.48014941811561584,0.7592046856880188,-0.4405656158924103,-1.032142162322998
rh_G_front_inf-Opercular_thickness,0.9674023985862732,1.576046347618103,1.595012903213501,1.2121777534484863,1.058648943901062,0.1339358240365982,1.321491003036499,1.2066924571990967,1.2833255529403687,0.69740891456604,-0.9153029322624207,0.863211989402771,0.3158401846885681,0.020541151985526085,-0.3675740659236908,1.5222362279891968,0.2070312201976776,1.292771577835083,1.135284423828125,1.1933341026306152,2.059873104095459,0.906742513179779,1.2409865856170654,0.6047669053077698,1.2051455974578857,0.41029053926467896,0.6079788208007812
rh_G_front_inf-Orbital_thickness,-0.14604583382606506,0.9956868886947632,0.3263540267944336,0.049338605254888535,0.5447900891304016,-0.29961246252059937,1.3187310695648193,0.443075567483902,0.34534624218940735,0.5326828956604004,-0.25423672795295715,0.22807839512825012,-0.011020095087587833,-0.400699645280838,-0.23050016164779663,1.0787168741226196,0.8571111559867859,0.31196120381355286,0.22442437708377838,0.5754959583282471,0.07395625859498978,0.6929655075073242,0.5271872282028198,-0.07081902772188187,0.6000680923461914,0.9805242419242859,0.10620011389255524
rh_G_front_inf-Triangul_thickness,-0.08946540951728821,1.4914700984954834,0.21929851174354553,-0.037138957530260086,0.7704116106033325,-0.34204432368278503,1.642397403717041,0.5275236368179321,0.4211507737636566,0.8281989693641663,-0.5000202655792236,-0.32879260182380676,-0.28212884068489075,-0.4570029675960541,-0.36428162455558777,0.43010231852531433,1.3221862316131592,0.5030625462532043,0.6400740146636963,0.6895400881767273,0.38509854674339294,0.4722563326358795,1.0356193780899048,0.12707899510860443,0.4679248631000519,0.34733033180236816,0.14483101665973663
rh_G_front_middle_thickness,-0.6475855112075806,1.9513659477233887,-0.5343976616859436,-0.7679092884063721,0.7194691300392151,-0.9372313022613525,2.2005932331085205,1.1113035678863525,0.6011539101600647,1.1596194505691528,-0.5224093794822693,-0.23133866488933563,-0.28736335039138794,-0.9337580800056458,-1.1102639436721802,0.017230533063411713,1.7930153608322144,0.9242936968803406,1.372276782989502,1.2102792263031006,0.5442201495170593,0.9306140542030334,0.8408156037330627,-0.20519329607486725,1.0325261354446411,-0.7660616636276245,-0.46685898303985596
rh_G_front_sup_thickness,-0.10067605972290039,0.4180663228034973,0.33545252680778503,-0.023501235991716385,0.05981355533003807,-0.426923930644989,0.7963688373565674,0.18417659401893616,0.3068194091320038,0.37200260162353516,-1.5761982202529907,-0.9173490405082703,-0.6106429696083069,-1.4994722604751587,-1.3027523756027222,-0.42718037962913513,0.8374186158180237,0.863799512386322,0.44223111867904663,0.024855980649590492,-0.05074027180671692,0.6036706566810608,0.2872577905654907,0.18038412928581238,0.05251292511820793,-1.4085317850112915,0.09290990233421326
rh_G_Ins_lg&S_cent_ins_thickness,3.228919744491577,-0.09201623499393463,0.9754738211631775,2.0980513095855713,0.7202728986740112,3.6147210597991943,-0.213670015335083,1.9541362524032593,0.4370036721229553,-1.280989408493042,-0.38551732897758484,1.9867950677871704,2.988856554031372,2.535219669342041,1.2634023427963257,0.2671685516834259,-2.0848355293273926,2.074557065963745,0.3375759720802307,1.3961633443832397,1.430853009223938,1.174804925918579,0.5997349619865417,1.2083641290664673,0.6608009338378906,1.4627916812896729,1.906541347503662
rh_G_insular_short_thickness,2.7015268802642822,1.3249706029891968,1.1761988401412964,1.7239845991134644,1.0569417476654053,2.496199131011963,0.34347841143608093,1.9881144762039185,1.1808415651321411,-0.08057435601949692,-0.770048975944519,1.9118261337280273,1.856392502784729,1.9134528636932373,0.8930487632751465,1.0319888591766357,-0.6763631105422974,2.0439536571502686,0.9721753001213074,1.368324875831604,2.1409590244293213,1.528981328010559,0.5905963182449341,1.8695403337478638,1.1082943677902222,0.9063575267791748,1.210663914680481
rh_G_occipital_middle_thickness,-0.7016267776489258,0.8916893005371094,-0.535881757736206,-0.47337275743484497,0.06495728343725204,-0.8533573746681213,0.5698257088661194,0.2253364473581314,-1.2028751373291016,-0.282015860080719,1.1481112241744995,-1.0566014051437378,0.12615732848644257,-0.7710402607917786,-1.09567129611969,1.06013822555542,-0.1637975424528122,-0.22913718223571777,1.3084299564361572,1.446339726448059,0.17952583730220795,-0.6689093112945557,0.7369682788848877,0.26194658875465393,1.3949702978134155,-0.9869059324264526,-0.6845168471336365
rh_G_occipital_sup_thickness,-1.350115180015564,0.49113184213638306,-1.4266412258148193,-1.433211088180542,-0.023790981620550156,-1.0014173984527588,0.1942526251077652,-0.6514443159103394,-0.12106350809335709,0.27524399757385254,1.887500524520874,-1.5928235054016113,-0.555168867111206,-1.331437587738037,-1.5834625959396362,0.015364747494459152,-0.3772841989994049,-0.7719538807868958,0.2902477979660034,0.8155505657196045,-0.5277958512306213,-1.5407862663269043,0.5295079350471497,-0.7828995585441589,0.6739494204521179,-1.613905668258667,-1.0562301874160767
rh_G_oc-temp_lat-fusifor_thickness,0.5065564513206482,-0.5989968776702881,0.7326329946517944,0.6570179462432861,0.07549384236335754,0.073463074862957,0.17254985868930817,0.4391030967235565,-0.0809050127863884,-0.2603329122066498,-0.21207258105278015,0.9212271571159363,0.6075374484062195,0.1960391402244568,0.7356404066085815,0.4360528588294983,-1.8005356788635254,-0.24486590921878815,0.63323575258255,0.06906238198280334,-0.28736647963523865,-0.4027276337146759,-0.10315556079149246,-0.36562174558639526,1.0641363859176636,0.9146386981010437,-1.0100159645080566
rh_G_oc-temp_med-Lingual_thickness,-0.7385328412055969,0.38242167234420776,0.2449754923582077,-0.48383405804634094,-0.7287372946739197,0.22585788369178772,-1.1983977556228638,-1.5402427911758423,1.315385103225708,0.7125236392021179,2.2695727348327637,0.3065668046474457,-1.058717966079712,-0.11784184724092484,0.11624713242053986,1.3952914476394653,-2.4630908966064453,-0.7808859944343567,1.0676395893096924,-0.45819127559661865,-0.9076191782951355,-2.0201988220214844,-0.9331362843513489,0.020566832274198532,0.25530171394348145,0.604500949382782,-1.6298736333847046
rh_G_oc-temp_med-Parahip_thickness,1.3604696989059448,-2.3803911209106445,-1.2103079557418823,0.1205357015132904,-2.5532214641571045,1.5653516054153442,-1.2875666618347168,-0.8914691805839539,-1.5891971588134766,-2.478537082672119,-0.7900171279907227,-1.3658483028411865,0.19101499021053314,0.4865626096725464,0.6291816830635071,-1.7225632667541504,-1.9069557189941406,-0.6241359114646912,-2.5792834758758545,-2.0909616947174072,-2.334329605102539,-0.6688004732131958,-1.9938130378723145,-3.352221727371216,-1.4315510988235474,0.8954945206642151,-0.905865490436554
rh_G_orbital_thickness,1.2034722566604614,0.39829638600349426,1.7785699367523193,1.3713940382003784,-0.725111722946167,0.9516056180000305,0.3741382658481598,0.7932303547859192,-0.07978134602308273,0.1128585934638977,-0.6507973074913025,0.8246316909790039,0.06301091611385345,-0.0604795441031456,-1.0721707344055176,0.24544015526771545,0.4327700734138489,0.6103215217590332,0.8546271324157715,0.5731912851333618,-0.31669726967811584,1.100982427597046,-0.6406064629554749,0.2776145339012146,0.616509735584259,1.1128926277160645,0.3640536367893219
rh_G_pariet_inf-Angular_thickness,-0.8665001392364502,0.8923463821411133,-1.008925437927246,-0.8237115144729614,1.0270684957504272,-1.1590442657470703,1.6579837799072266,0.8470037579536438,0.05453787371516228,0.5344062447547913,-0.07544664293527603,-0.07709861546754837,0.45302698016166687,-1.0108391046524048,-1.2206816673278809,0.9008647799491882,0.5639171600341797,0.21807192265987396,1.4091655015945435,1.383959412574768,0.9957756996154785,0.4627171456813812,0.9216243028640747,-0.09046946465969086,1.4442884922027588,-1.0734281539916992,-0.6528423428535461
rh_G_pariet_inf-Supramar_thickness,0.21758052706718445,0.6291514039039612,0.30703070759773254,0.6222900152206421,0.0964561179280281,-0.3931728005409241,0.5895694494247437,0.6805640459060669,0.13549131155014038,-0.2881999611854553,-0.6566547155380249,-0.1253756284713745,0.19277775287628174,-0.6810137629508972,-1.030454158782959,0.4526616632938385,-0.6354049444198608,0.10027385503053665,0.7616230249404907,1.0443207025527954,1.0436341762542725,0.6014052629470825,1.0688982009887695,-0.24391740560531616,1.15765380859375,-1.2677608728408813,-0.12485237419605255
rh_G_parietal_sup_thickness,-1.1604735851287842,-0.26012057065963745,-1.4201265573501587,-1.2880744934082031,0.03528744727373123,-1.2322109937667847,0.10633514821529388,-0.40776729583740234,-0.28441622853279114,0.25745365023612976,-0.8815314769744873,-1.3297489881515503,-0.5746747851371765,-1.7897342443466187,-1.6117041110992432,-0.8304086923599243,0.3791189193725586,-0.3467647433280945,-0.01563534513115883,0.3144536018371582,-0.2981037497520447,-0.287716269493103,0.5218619108200073,-1.295435905456543,0.41466838121414185,-2.3533437252044678,-1.1096595525741577
rh_G_postcentral_thickness,-0.6923477053642273,0.09636741131544113,-0.9910135269165039,-1.0400259494781494,-0.8950384259223938,-0.5957764983177185,0.1682526171207428,-0.2801468074321747,-0.06767696887254715,0.19602428376674652,-0.877068042755127,-2.0766077041625977,-0.8355703353881836,-1.4587715864181519,-2.2377426624298096,-0.15741370618343353,-0.1399926245212555,0.05001070350408554,-0.1722358614206314,0.20865246653556824,-0.8790770173072815,-1.0062024593353271,2.0689327716827393,-0.83262038230896,0.35558274388313293,-2.472538948059082,-0.23466089367866516
rh_G_precentral_thickness,-0.7105479836463928,0.4796777665615082,-0.6552556753158569,-0.9238178133964539,-0.5422085523605347,-0.7681242823600769,1.1928097009658813,-0.22561492025852203,0.18587251007556915,0.39811819791793823,-1.507637858390808,-1.8820754289627075,-0.9423255920410156,-1.4431102275848389,-2.169039249420166,-0.663314938545227,0.4137986898422241,0.44940271973609924,0.048217400908470154,-0.21158680319786072,-0.8656527400016785,-0.3347057104110718,1.6629633903503418,-0.2646145224571228,-0.07128056138753891,-2.025975227355957,0.6146806478500366
rh_G_precuneus_thickness,-0.41599199175834656,-0.19804972410202026,0.09809081256389618,0.09847449511289597,0.7183836102485657,-0.49110937118530273,0.3092910349369049,-0.1536654829978943,1.074913501739502,1.1073559522628784,-0.4900510907173157,-0.1421385109424591,-0.46903353929519653,-1.0678203105926514,-0.051584213972091675,0.40533867478370667,0.3311857581138611,0.04817425087094307,0.5276550650596619,0.7518799901008606,0.8551810383796692,-0.1178864985704422,0.3573702275753021,0.009513779543340206,0.7656633257865906,-0.521578848361969,-0.4411378800868988
rh_G_rectus_thickness,0.9269779920578003,-0.1080578863620758,0.8812709450721741,1.0051673650741577,-1.2820817232131958,0.2999894618988037,-0.31779956817626953,1.0307334661483765,0.3753640651702881,-0.05169958621263504,-1.3831032514572144,1.6473616361618042,-0.05091169849038124,0.037967875599861145,-0.6629356145858765,0.033253636211156845,-0.253758043050766,0.9341487884521484,0.7078562378883362,0.7370147109031677,0.1550620198249817,1.2313460111618042,-1.319183111190796,0.4033416509628296,0.970794141292572,0.5025298595428467,0.09915494173765182
rh_G_subcallosal_thickness,-1.1499758958816528,-0.7926374673843384,-2.045999765396118,-1.6746149063110352,-0.570076584815979,-0.6740816831588745,-0.8069275617599487,1.19767165184021,0.29414084553718567,-1.0547946691513062,-0.5579485297203064,1.8899426460266113,1.667620301246643,3.8305041790008545,2.166189670562744,-0.0646328255534172,-1.6112772226333618,2.769216775894165,-0.6946917176246643,0.6758056282997131,0.8656519651412964,1.057474136352539,-1.313990592956543,-0.3031739592552185,0.3534708023071289,0.4755805432796478,0.8825905323028564
rh_G_temp_sup-G_T_transv_thickness,0.7587372660636902,0.3950008153915405,2.0730836391448975,1.4927242994308472,0.5787307620048523,1.9305423498153687,0.4237461984157562,0.2422175109386444,1.654976725578308,0.9141098260879517,0.2488327920436859,1.3393386602401733,0.5277805328369141,0.6203516125679016,0.38502585887908936,2.321972608566284,-0.5755837559700012,1.077291488647461,2.049835443496704,1.1350650787353516,1.8744237422943115,-0.6604212522506714,1.7144526243209839,2.64833664894104,0.7094658613204956,1.5417747497558594,1.6269588470458984
rh_G_temp_sup-Lateral_thickness,1.5902856588363647,-0.9872788786888123,2.081759214401245,2.4457502365112305,0.0015272204764187336,1.1265476942062378,-0.534060537815094,0.7248210906982422,-1.0123547315597534,-1.0276355743408203,-1.4578629732131958,-0.6772356033325195,1.3083546161651611,-0.5662596225738525,-0.45124465227127075,0.330849826335907,-1.413870930671692,0.14055389165878296,-0.14290283620357513,0.964525580406189,0.4876696467399597,-0.03980576992034912,0.28712067008018494,0.024359755218029022,0.9835336804389954,-0.5591214299201965,0.6051942110061646
rh_G_temp_sup-Plan_polar_thickness,1.9452248811721802,-1.4051058292388916,-0.10286290943622589,0.9833397269248962,-0.7696404457092285,2.5217361450195312,-1.7741161584854126,0.9441676735877991,-1.7380905151367188,-2.701997995376587,-1.5091980695724487,-0.0751190260052681,1.6598511934280396,0.4742893576622009,1.1231120824813843,-1.0796267986297607,-2.1314029693603516,0.2530738115310669,-2.2935664653778076,-0.10327502340078354,-0.06903265416622162,0.5215530395507812,-1.3259094953536987,-0.6736294627189636,-0.5287973880767822,1.1267967224121094,-0.798672080039978
rh_G_temp_sup-Plan_tempo_thickness,0.8998035788536072,0.9928827881813049,1.8321638107299805,1.7781076431274414,0.9390832781791687,0.36854079365730286,0.9357497096061707,0.8086450695991516,0.6743306517601013,0.19257058203220367,-0.27156680822372437,0.10746124386787415,0.5700801610946655,-0.30588439106941223,-0.49385005235671997,1.0941709280014038,-0.8953220248222351,0.6913930773735046,1.1984838247299194,1.561449408531189,1.6959800720214844,0.11979910731315613,1.6414328813552856,1.4331917762756348,1.5826386213302612,-0.01850760728120804,0.3866054117679596
rh_G_temporal_inf_thickness,0.7961657643318176,-0.01609346643090248,0.5410515666007996,0.8488320708274841,0.6866697669029236,-0.47710976004600525,0.13463503122329712,0.7014438509941101,-1.3790408372879028,-1.0021681785583496,-0.7902073264122009,0.6174300312995911,1.8334267139434814,-0.05237874388694763,0.573409378528595,-0.2501419186592102,-0.5994722843170166,-0.562027633190155,1.1104463338851929,1.0736010074615479,0.12147267162799835,0.5940589904785156,0.05678305774927139,0.045142509043216705,0.9036952257156372,-0.03886522725224495,-0.7003554701805115
rh_G_temporal_middle_thickness,1.2846612930297852,0.20655867457389832,1.5314726829528809,1.7481228113174438,1.0490450859069824,-0.13457441329956055,0.5732548236846924,1.0274522304534912,-1.0440961122512817,-0.5784687399864197,-0.9922674894332886,0.39323416352272034,1.8299843072891235,-0.2541337013244629,0.11615394055843353,0.8722103238105774,-0.22899805009365082,-0.12334638088941574,0.8773801922798157,1.5194578170776367,0.8091986775398254,0.5879503488540649,0.6417281031608582,0.4300253093242645,1.5636353492736816,0.186787948012352,-0.40596312284469604
rh_Lat_Fis-ant-Horizont_thickness,-0.5610560178756714,1.1582449674606323,-0.7477031946182251,-0.8972176909446716,0.5387899279594421,-0.6458848118782043,1.286760687828064,-0.11371197551488876,0.4385661482810974,0.46050265431404114,0.5068230032920837,-0.5105546712875366,-0.4101935625076294,0.781542956829071,0.7509416341781616,0.015382739715278149,0.7906404137611389,0.4969445765018463,-0.04152975231409073,0.42231878638267517,0.33449679613113403,0.34142741560935974,0.2588835060596466,0.09894681721925735,1.2610814571380615,0.5346428155899048,-0.0889587253332138
rh_Lat_Fis-ant-Vertical_thickness,-0.024647876620292664,1.2645894289016724,0.07106795161962509,-0.2628538906574249,1.0159624814987183,-0.3821749687194824,1.5053194761276245,0.6245045065879822,1.1291084289550781,0.8366956114768982,0.14368034899234772,0.357115775346756,-0.1876303106546402,0.5906695127487183,0.49281707406044006,1.1738566160202026,0.7677295804023743,0.9447724223136902,-0.15585994720458984,-0.0241068284958601,1.5372920036315918,0.6312020421028137,0.5577200651168823,0.6009417772293091,0.7910024523735046,0.34747594594955444,0.618949294090271
rh_Lat_Fis-post_thickness,-0.06640467047691345,-0.4828205406665802,-0.15238212049007416,-0.20039795339107513,-0.2667680084705353,0.8619852066040039,0.5485208034515381,-1.2025028467178345,0.4913310408592224,-0.1915178894996643,0.6150785088539124,0.4536868631839752,0.0705508291721344,0.8690727353096008,0.435552179813385,0.9262041449546814,-0.37481051683425903,-0.3492406904697418,-0.31661656498908997,-0.44573333859443665,0.4552324712276459,-0.23068572580814362,0.5305147171020508,0.9376115798950195,0.18275052309036255,-0.7191122174263,1.201783299446106
rh_Pole_occipital_thickness,-1.395187497138977,1.328316330909729,-0.8426427841186523,-1.4048038721084595,0.14251992106437683,-0.7432241439819336,-0.15433524549007416,-1.1644821166992188,0.40466243028640747,0.3818531930446625,2.7908647060394287,-1.2833002805709839,-0.911601722240448,-0.7930139899253845,-1.1760551929473877,1.77265202999115,-1.2314645051956177,-0.7390120625495911,1.598743200302124,0.8126367330551147,-1.4492230415344238,-2.2721691131591797,-0.0030950296204537153,-0.8080468773841858,0.3930424749851227,-2.0745022296905518,-1.3525995016098022
rh_Pole_temporal_thickness,2.379155397415161,-1.681380271911621,0.6047791242599487,1.3498591184616089,-0.14508332312107086,1.2892011404037476,-1.6828773021697998,0.8312258720397949,-2.4067611694335938,-2.510215997695923,-0.9539567232131958,0.3767127990722656,2.3966636657714844,0.09792451560497284,1.180853009223938,-0.9925468564033508,-1.5089212656021118,-0.7883273959159851,-1.8444342613220215,0.3351586163043976,-0.528671383857727,0.8252701163291931,-2.0132858753204346,-0.4084169268608093,0.008079884573817253,0.8585259914398193,-1.0137423276901245
rh_S_calcarine_thickness,-0.4235594868659973,-0.14409570395946503,0.6594440340995789,0.06326399743556976,-0.6030187606811523,1.0914475917816162,-1.069340467453003,-1.890889286994934,0.3557191789150238,0.15218298137187958,1.7266043424606323,-0.03876443952322006,-1.1439154148101807,0.03448403254151344,-0.6611030101776123,1.5046244859695435,-1.7789387702941895,-0.7631113529205322,0.14026093482971191,-0.196828231215477,-0.8378510475158691,-1.7933626174926758,-1.001386046409607,-0.4510693848133087,-0.25664666295051575,-0.9509716033935547,-1.3992338180541992
rh_S_central_thickness,-0.7965565323829651,-0.27535369992256165,-0.9249327182769775,-1.0872392654418945,-1.4782311916351318,-0.3764585256576538,0.5497857332229614,-1.7101798057556152,1.1372804641723633,0.8221307992935181,0.8385199904441833,-1.2252308130264282,-1.3693252801895142,-0.1705022156238556,-0.12997466325759888,-0.20675040781497955,-0.19695772230625153,-1.0545399188995361,-0.23992031812667847,-1.9722011089324951,-1.3672960996627808,-1.3748422861099243,1.14210045337677,-0.5540791749954224,-1.52364981174469,-0.3069940507411957,1.4105939865112305
rh_S_cingul-Marginalis_thickness,-0.39004433155059814,-0.6042981743812561,-0.28520309925079346,-0.2840377986431122,-0.7927215695381165,-0.2632693648338318,-0.06322591006755829,-0.4274144768714905,0.21291859447956085,-0.1264156997203827,-0.4684363007545471,0.42414146661758423,-0.9474435448646545,-0.01816883496940136,0.007170382887125015,0.009475527331233025,-0.7113601565361023,-0.036064792424440384,-0.5325722098350525,-0.27753040194511414,0.21749044954776764,0.18387489020824432,0.4377749264240265,-0.5041146278381348,-0.5378280878067017,-0.9904323220252991,0.7142730951309204
rh_S_circular_insula_ant_thickness,1.0277148485183716,0.8636120557785034,0.5735527873039246,0.5099360942840576,0.6398629546165466,1.284019112586975,0.6558183431625366,0.5833553671836853,0.6061071753501892,0.14902281761169434,0.03240632638335228,1.0425524711608887,1.0825310945510864,2.3107714653015137,1.2651119232177734,0.9073483943939209,0.284193754196167,1.0490925312042236,-0.3453418016433716,0.20454558730125427,0.4347696900367737,1.2927192449569702,-0.10543769598007202,1.641079306602478,0.46636125445365906,1.1048914194107056,0.9261448979377747
rh_S_circular_insula_inf_thickness,0.6427391171455383,-0.8744005560874939,-0.7652763724327087,-0.24364641308784485,-0.040415208786726,1.0905393362045288,-0.3517424464225769,0.702181875705719,-0.030392374843358994,-1.2778193950653076,-0.5019800662994385,1.4924829006195068,2.16123628616333,1.9130022525787354,1.1233896017074585,0.016420915722846985,-1.3342143297195435,1.2720317840576172,-0.321521133184433,0.6585993766784668,0.2378518432378769,0.5397151708602905,-0.045762766152620316,-0.15771222114562988,0.014740800485014915,1.656895637512207,1.0415091514587402
rh_S_circular_insula_sup_thickness,0.29403501749038696,0.3816003203392029,-0.30263254046440125,-0.1954980194568634,0.7899567484855652,0.5028261542320251,0.8351642489433289,0.5293891429901123,0.2262345850467682,-0.3314296007156372,-0.08878692239522934,0.8001596927642822,1.3736281394958496,2.174335479736328,1.3531904220581055,0.7263058423995972,-0.37109971046447754,1.0202586650848389,-0.5168384313583374,0.3559289276599884,1.197134256362915,1.031253695487976,0.010210001841187477,1.1021257638931274,0.974577009677887,-0.8103854656219482,1.731905221939087
rh_S_collat_transv_ant_thickness,0.0965716615319252,-1.263916254043579,-0.6570115089416504,-0.4409879446029663,0.5217018127441406,-0.5135036110877991,-0.9201260805130005,0.4410270154476166,-2.00650954246521,-1.784081220626831,-0.3059694468975067,-0.21613317728042603,1.8508048057556152,0.8754152059555054,1.238296389579773,-0.5318076610565186,-1.0007551908493042,-1.0691025257110596,-1.3513946533203125,0.21307064592838287,-0.48779669404029846,0.0671549141407013,-1.0055283308029175,-0.15509040653705597,0.07349706441164017,-0.13354450464248657,-1.1417499780654907
rh_S_collat_transv_post_thickness,-0.382387638092041,-0.41841089725494385,0.5831393599510193,0.23014579713344574,0.34064191579818726,-0.016258256509900093,-0.01045097503811121,-0.9693383574485779,0.20528516173362732,0.7012776732444763,1.7548335790634155,0.009544119238853455,-0.3257509768009186,0.12641015648841858,-0.47653913497924805,0.03359747678041458,-0.1225874125957489,-0.7008826732635498,0.6208441257476807,0.44026681780815125,-0.8043393492698669,-1.9968878030776978,-0.1568952202796936,-0.6742106080055237,0.5831114053726196,-0.6257396936416626,-1.0981148481369019
rh_S_front_inf_thickness,-0.5305489301681519,1.0798544883728027,-0.35948705673217773,-0.512070894241333,0.31622403860092163,-0.6351897716522217,1.2351791858673096,-0.3731357157230377,1.2109078168869019,1.4904752969741821,0.21414576470851898,0.09586962312459946,-0.7887758016586304,0.2807408273220062,0.41416412591934204,0.08364319056272507,1.502306580543518,-0.1802106350660324,0.5626022219657898,-0.8188244700431824,0.24155975878238678,0.26376691460609436,0.24590131640434265,0.3003259599208832,-0.5051431059837341,0.6712321043014526,-0.000944343046285212
rh_S_front_middle_thickness,-0.44774073362350464,1.569426417350769,-0.3745991289615631,-0.5065528750419617,1.06057870388031,-0.7116726636886597,1.3627954721450806,0.7784358263015747,1.08548104763031,1.322957158088684,0.27773353457450867,0.7703348398208618,-0.2160702496767044,-0.07742138206958771,0.38013914227485657,-0.3216761648654938,1.2632975578308105,0.4105377197265625,1.0838615894317627,0.18555493652820587,0.35980093479156494,0.9700837731361389,0.794170618057251,0.1476648598909378,-0.017605260014533997,0.7106069922447205,0.06865669786930084
rh_S_front_sup_thickness,-0.8258309960365295,0.8508555889129639,-0.8305279612541199,-1.0490607023239136,0.32250264286994934,-1.0790109634399414,1.1597391366958618,-0.14236244559288025,0.5711588263511658,0.9615501761436462,-0.680898904800415,0.07805905491113663,-0.7199220061302185,-0.30200672149658203,0.14455588161945343,-0.3467789888381958,1.2297241687774658,0.37110406160354614,0.5797424912452698,-0.529487669467926,-0.10571230947971344,0.6287532448768616,-0.003007665043696761,0.11617746204137802,-0.2485932856798172,-0.12837155163288116,-0.3381657302379608
rh_S_interm_prim-Jensen_thickness,-0.8164543509483337,0.47298353910446167,-0.8632489442825317,-0.786842942237854,0.6071265339851379,-1.1285640001296997,1.099471926689148,-0.04060293361544609,0.41215550899505615,0.49407270550727844,-0.1466854214668274,0.12645602226257324,-0.012814251706004143,-0.4092106819152832,-0.23651449382305145,0.2169562578201294,-0.282493531703949,-0.4295007288455963,0.7181642055511475,0.2303045243024826,0.6065345406532288,0.38363581895828247,0.4299754500389099,-0.1682792752981186,0.26005420088768005,-0.4421496093273163,-0.6535795331001282
rh_S_intrapariet&P_trans_thickness,-0.942558228969574,0.04453983157873154,-0.8897255659103394,-0.8460400104522705,0.03903768211603165,-1.0731220245361328,0.5610064268112183,-0.8224416375160217,0.3531714081764221,0.8652030825614929,0.10405820608139038,-0.38969188928604126,-0.6944103240966797,-0.5091972351074219,-0.323249876499176,-0.3309997618198395,0.29788434505462646,-0.7762414813041687,-0.07509616017341614,0.05713113024830818,-0.29796865582466125,-0.37203463912010193,0.10493188351392746,-0.1871619075536728,-0.08487440645694733,-0.9204248785972595,-0.8359060883522034
rh_S_oc_middle&Lunatus_thickness,-0.7651764750480652,0.21035294234752655,-0.352110356092453,-0.45843687653541565,0.6799120306968689,-0.6651081442832947,0.21793204545974731,-0.9368585348129272,-0.7068448662757874,0.3319261074066162,1.7614470720291138,-1.1199814081192017,-0.6207038760185242,-0.22494958341121674,-0.14328885078430176,0.5703874230384827,0.21355150640010834,-1.2316192388534546,-0.13346824049949646,0.03723079711198807,-1.0001410245895386,-1.5534027814865112,0.07039893418550491,-0.024181893095374107,0.12313535064458847,-0.34863802790641785,-1.1662248373031616
rh_S_oc_sup&transversal_thickness,-1.2467162609100342,0.03338437154889107,-1.3058592081069946,-1.2963193655014038,0.1655135601758957,-1.07564115524292,0.43253442645072937,-0.9680677652359009,-0.4379632771015167,0.49830102920532227,1.4308654069900513,-1.2399413585662842,-0.7359558939933777,-0.2749808728694916,-0.09269706159830093,0.6906606554985046,0.051653072237968445,-1.0882787704467773,-0.33533841371536255,0.10845515131950378,-0.979787290096283,-1.3939670324325562,-0.03218168392777443,0.1770208477973938,0.0948818176984787,-0.7733114361763,-1.0711702108383179
rh_S_occipital_ant_thickness,0.6768746972084045,-0.009287578985095024,1.2671846151351929,1.233284592628479,0.8057800531387329,0.09498538821935654,0.23268751800060272,-0.6581575870513916,-0.6909138560295105,-0.21069587767124176,0.6906144618988037,0.285200834274292,0.06322260946035385,0.2155335396528244,0.4377056658267975,0.09931445866823196,-0.8708077669143677,-1.0665051937103271,0.017287602648139,0.22219441831111908,0.2497401237487793,-0.6819762587547302,0.025457853451371193,0.334725022315979,0.5328254699707031,-0.07538200169801712,-0.48572108149528503
rh_S_oc-temp_lat_thickness,-1.0312554836273193,-0.4156872034072876,-1.6079026460647583,-1.441885232925415,0.2985359728336334,-1.2321640253067017,-0.334121435880661,-0.426395058631897,-1.1396690607070923,-0.586934506893158,-0.10042676329612732,0.342953622341156,0.35841402411460876,0.45568257570266724,0.4290953576564789,-0.5715628862380981,-0.7912154793739319,-1.5499528646469116,-0.36817479133605957,-0.39456042647361755,-0.37129735946655273,-0.27232202887535095,-0.717742919921875,-0.007200111169368029,-0.2136726677417755,-0.31955304741859436,-0.8941217064857483
rh_S_oc-temp_med&Lingual_thickness,0.038179174065589905,-1.213676929473877,-0.4082478880882263,-0.2989717125892639,0.032641805708408356,0.0038642287254333496,-0.3035206198692322,-0.028410954400897026,-1.1744444370269775,-1.0940643548965454,0.783648669719696,0.3792685866355896,0.7668790221214294,0.39932337403297424,-0.13081413507461548,-0.17144574224948883,-1.3642899990081787,-0.7384125590324402,-0.7481796741485596,0.18941748142242432,-0.04719154164195061,-0.8078687191009521,-0.7043551206588745,-0.39407819509506226,0.4618462324142456,-0.4686453342437744,-0.9163377285003662
rh_S_orbital_lateral_thickness,0.1750703752040863,2.06535005569458,0.7683533430099487,0.6509673595428467,1.1750203371047974,-0.26428595185279846,1.619768500328064,0.7840887904167175,0.7507084012031555,1.1286442279815674,0.45433610677719116,0.7611637115478516,0.008623326197266579,-0.19587625563144684,-0.26855677366256714,0.8580676317214966,1.8554213047027588,0.09821277856826782,1.5742982625961304,0.6224414706230164,0.3886759877204895,0.9113067388534546,1.1062252521514893,-0.18422389030456543,0.29747074842453003,1.0281354188919067,0.10603277385234833
rh_S_orbital_med-olfact_thickness,0.8288562297821045,-0.09854646772146225,0.7594963908195496,0.719037652015686,-0.6160061955451965,0.48515087366104126,-0.6138373017311096,0.9329386353492737,0.23351618647575378,-0.014208097942173481,-0.41629624366760254,1.745436429977417,0.7098858952522278,1.680431604385376,0.9662494659423828,-0.475532203912735,0.21288275718688965,2.3281898498535156,-0.6539143919944763,0.32933905720710754,0.2016114741563797,1.1599957942962646,-0.9945856928825378,0.2647184431552887,0.059467751532793045,1.5585163831710815,0.6960836052894592
rh_S_orbital-H_Shaped_thickness,0.37045392394065857,0.5551819801330566,1.0935648679733276,0.42335087060928345,-0.3142305612564087,0.05120402202010155,-0.4419774115085602,-0.2882436513900757,0.264678418636322,0.4408513307571411,0.025600729510188103,0.14860790967941284,-0.39721187949180603,0.3236016631126404,-0.246206134557724,-0.3593083918094635,0.7741513848304749,-0.3632184565067291,-0.4512389302253723,-1.4419218301773071,-0.7352496981620789,0.6514893770217896,-0.5385872721672058,0.7232521772384644,-1.1325534582138062,0.6508184671401978,-0.41407477855682373
rh_S_parieto_occipital_thickness,-0.4978850483894348,-0.8084798455238342,0.2706032693386078,0.1025080531835556,-0.029319677501916885,0.2778559625148773,-0.24644534289836884,-1.2910130023956299,0.5926033854484558,0.9153991341590881,1.0136950016021729,0.13190558552742004,-0.9294147491455078,0.06944449990987778,-0.08205709606409073,1.0980304479599,0.27135974168777466,-0.4912692904472351,0.25335970520973206,-0.2460172027349472,0.08099708706140518,-1.1256290674209595,-0.4676351547241211,0.24628743529319763,0.14264130592346191,-1.005628228187561,-1.1019628047943115
rh_S_pericallosal_thickness,-1.2786126136779785,-2.4886953830718994,-1.4457623958587646,-1.4089117050170898,-3.1073122024536133,-0.4402862787246704,-1.9069558382034302,-2.1403234004974365,-3.77862811088562,-3.26581072807312,-0.6109849214553833,-0.9829198122024536,-1.5894014835357666,0.3768267333507538,-0.36475685238838196,-3.272172212600708,-1.6144503355026245,-1.1330230236053467,-3.0588903427124023,-3.0882694721221924,-2.8478622436523438,-1.0203742980957031,-1.8389767408370972,-3.2806999683380127,-3.1921558380126953,-1.1567058563232422,0.0782109722495079
rh_S_postcentral_thickness,-0.9133207201957703,-0.1805790513753891,-1.327595829963684,-1.1671005487442017,-0.657641589641571,-0.9830678701400757,0.27032986283302307,-0.9639034867286682,-0.00612531928345561,0.0777856856584549,0.1978897601366043,-0.2603287696838379,-0.81650310754776,-0.43962085247039795,-0.4811142385005951,0.21943709254264832,-0.7508405447006226,-0.7570581436157227,-0.2951034903526306,-0.6576297879219055,-0.31302380561828613,-0.25122761726379395,0.7784052491188049,-0.49045002460479736,-0.2608458995819092,-0.9278408288955688,-0.37313172221183777
rh_S_precentral-inf-part_thickness,-0.1734478920698166,1.0372732877731323,0.24738895893096924,-0.26795458793640137,0.11425811797380447,-0.5734127163887024,1.2773550748825073,-0.6421800851821899,1.3248182535171509,1.3517743349075317,-0.45152604579925537,0.18219074606895447,-0.7923656105995178,0.23712190985679626,0.06428658217191696,0.3312329947948456,0.6909974813461304,-0.3151378035545349,0.24343755841255188,-0.8850144147872925,0.4519707262516022,0.26222532987594604,0.18397867679595947,0.429268479347229,-0.6195644736289978,-0.19354207813739777,0.39718422293663025
rh_S_precentral-sup-part_thickness,-0.6305490732192993,0.43805232644081116,-0.34923017024993896,-0.7691258192062378,-0.9258162379264832,-0.7933322787284851,0.8969408273696899,-1.068293809890747,0.6680501699447632,0.8841114044189453,-0.7689086198806763,-0.5396836400032043,-1.1931943893432617,-0.48772433400154114,-0.14132747054100037,-0.8220620155334473,0.49634626507759094,-0.09564477950334549,0.38941237330436707,-1.519851565361023,-0.6509866714477539,0.14569664001464844,0.27301111817359924,0.09321790933609009,-1.4032657146453857,-0.7827258110046387,0.21941258013248444
rh_S_suborbital_thickness,0.1600486934185028,0.7911844253540039,0.03542964905500412,-0.02451789751648903,0.7213670015335083,-0.3763374984264374,0.745100200176239,1.7133947610855103,0.8718124032020569,0.5159951448440552,-0.05955762788653374,2.215012311935425,0.2340787649154663,0.23900935053825378,1.5378830432891846,0.5105569958686829,0.6279113292694092,1.3787939548492432,0.5968087911605835,1.2363817691802979,1.3564666509628296,1.1927363872528076,0.09726039320230484,0.7603747844696045,1.6527228355407715,1.3957226276397705,-0.058584779500961304
rh_S_subparietal_thickness,-0.08804614841938019,-0.22709253430366516,0.6951009631156921,0.6075870990753174,0.4522210359573364,-0.030673792585730553,0.5255675911903381,-0.11089035123586655,1.0483506917953491,0.991287350654602,-0.3459518551826477,1.2113211154937744,-0.5632663369178772,0.18312329053878784,0.609465479850769,1.1356406211853027,0.09855861216783524,0.025619274005293846,0.6045752167701721,0.3567326068878174,0.8970808386802673,0.2954939603805542,0.055775709450244904,0.49477654695510864,0.2736264765262604,0.24247317016124725,0.4690436124801636
rh_S_temporal_inf_thickness,-0.2783350348472595,0.07411392033100128,-0.6410611271858215,-0.38328585028648376,0.9574733376502991,-1.0091675519943237,0.11615727841854095,-0.052302248775959015,-0.9975306987762451,-0.46560385823249817,-0.174570694565773,0.3924505412578583,0.9108842611312866,0.32634949684143066,0.9447674751281738,0.030418308451771736,0.026764320209622383,-1.3143119812011719,0.04165659472346306,-0.42916515469551086,0.10527876764535904,0.14823536574840546,-0.051970548927783966,0.2378203272819519,-0.21347807347774506,0.4926283061504364,-0.7169199585914612
rh_S_temporal_sup_thickness,-0.20672857761383057,-0.15285734832286835,-0.3902595341205597,-0.15999481081962585,0.4351138770580292,-0.5791357159614563,0.391314834356308,-0.47919777035713196,-0.34963831305503845,-0.2128152847290039,-0.07508926093578339,0.9401358366012573,0.29141315817832947,0.4264257252216339,0.5910916328430176,0.6791887283325195,-0.8505553007125854,-0.9759091138839722,-0.24221603572368622,-0.12076736986637115,0.7674323916435242,0.1968230903148651,-0.013505952432751656,0.3174460828304291,0.13920815289020538,0.0551513247191906,-0.4326629936695099
rh_S_temporal_transverse_thickness,0.6682474613189697,0.782122015953064,2.540118455886841,1.8278580904006958,0.5122424364089966,1.5759406089782715,0.6504457592964172,-0.21784132719039917,1.677022099494934,1.1815179586410522,0.6480352878570557,0.8366054892539978,0.11907165497541428,0.396138995885849,0.2536162734031677,1.9319114685058594,-0.44260913133621216,0.9474289417266846,1.5536282062530518,1.0364986658096313,1.122157096862793,-1.1108629703521729,1.7768371105194092,2.874180316925049,0.7199010252952576,1.5020396709442139,2.201571464538574
